id,dob,name,nationality,height,weight,wins,fouls,goals,losses,red_card,total_pass,appearances,goal_assist,yellow_card,att_hd_goal,att_lf_goal,att_rf_goal,total_cross,hit_woodwork,interception,total_tackle,total_offside,total_clearance,big_chance_created,blocked_scoring_att,effective_head_clearance,error_lead_to_goal,accurate_long_balls,duel_won,duel_lost,aerial_won,won_tackle,aerial_lost,won_contest,ball_recovery,accurate_cross,total_through_ball,att_pen_goal,att_freekick_goal,big_chance_missed,total_scoring_att,ontarget_scoring_att,own_goals,clean_sheet,goals_conceded,last_man_tackle,clearance_off_line,saves,punches,goal_kicks,penalty_save,keeper_throws,good_high_claim,total_keeper_sweeper,stand_catch_dive_catch
3452,1990-11-26,Danny Welbeck,England,185cm,73kg,87,89,0.22,35,0,20.27,154,15,12,9,7,18,34,6,132,195,29,84,18,84,43,,,,,,,,,,,,0,0,35,307,38%,,,,,,,,,,,,,
5001,1994-12-01,Emre Can,Germany,184cm,82kg,29,68,0.03,16,1,51.97,60,0,11,0,0,2,26,1,102,158,5,121,8,13,61,3,191,366,287,87,85%,71,74,358,8%,8,0,0,0,47,36%,,,,,,,,,,,,,
4805,1985-08-20,Álvaro Negredo,Spain,186cm,86kg,23,32,0.26,8,0,18.13,39,5,1,3,6,1,20,2,3,15,18,31,8,13,26,,,,,,,,,,,,0,1,16,72,39%,,,,,,,,,,,,,
13194,1996-12-31,Jordan Lee,England,178cm,80kg,0,0,0,0,0,0,0,0,0,0,0,0,0,0,0,0,0,0,0,0,0,0,0,0,0,0,0%,0,0,0,0%,0,,,,,,0,0,0,0,0,,,,,,,,
4911,1992-11-05,Thibaut Courtois,Belgium,199cm,91kg,32,3,0,10,2,22.37,62,0,3,,,,,,,,,,,,,3,383,,,,,,,,,,,,,,,0,19,68,,,151,31,429,1,281,108,33,26
5514,1988-05-23,Angelo Ogbonna,Italy,191cm,86kg,13,22,0,8,0,35.03,32,0,5,0,0,0,3,0,63,49,0,176,0,2,96,1,90,138,77,67,80%,35,8,135,67%,0,,,,,,0,9,43,0,0,,,,,,,,
1717,1981-04-30,John O'Shea,Ireland,191cm,75kg,214,187,13,105,1,22.6,420,12,29,1,2,5,167,2,397,462,5,"1,328",8,18,540,2,588,980,651,402,76%,266,28,913,23%,16,,,,,,5,76,279,3,1,,,,,,,,
4401,1978-11-16,Gerhard Tremmel,Germany,190cm,86kg,7,0,0,15,0,15.14,29,0,0,,,,,,,,,,,,,2,94,,,,,,,,,,,,,,,0,4,40,,,92,24,234,0,131,32,3,10
8107,1996-04-06,Oliver McBurnie,England,,,0,0,1,1,0,2,1,0,0,0,0,0,0,0,0,0,0,0,0,0,0,,,,,,,,,,,,0,0,0,0,0%,,,,,,,,,,,,,
4788,1985-02-10,George Boyd,Scotland,186cm,79kg,17,65,0.1,37,0,16.64,72,4,9,1,5,1,141,2,77,173,23,76,6,29,49,0,35,335,383,63,71%,105,51,264,28%,4,0,0,3,81,30%,,,,,,,,,,,,,
3558,1984-09-09,Brad Guzan,United States,193cm,94kg,32,3,0,80,0,24.52,146,1,7,,,,,,,,,,,,,11,"1,211",,,,,,,,,,,,,,,0,27,242,,,441,80,"1,319",2,551,324,84,63
5375,1991-08-08,Joel Matip,Cameroon,195cm,90kg,4,3,0,0,0,54,5,0,1,0,0,0,1,1,5,6,0,26,0,1,14,0,18,16,11,6,83%,5,3,23,1%,0,,,,,,0,0,5,0,0,,,,,,,,
13867,1998-08-05,Sam Field,England,180cm,65kg,0,3,3,1,0,24,3,0,1,0,0,0,5,0,0,2,0,0,0,0,0,0,3,7,12,1,100%,3,1,22,40%,0,0,0,0,1,1%,,,,,,,,,,,,,
4818,1995-01-27,Harrison Reed,England,181cm,72kg,7,7,14,3,0,18.57,14,0,0,0,0,0,4,0,16,32,0,10,0,1,1,0,9,50,51,5,88%,17,1,29,4%,0,0,0,0,4,50%,,,,,,,,,,,,,
13957,1988-01-12,Papy Djilobodji,Senegal,193cm,82kg,0,6,0,4,0,35.2,5,0,1,0,0,0,0,0,21,9,1,45,0,0,22,1,19,41,15,22,44%,5,4,34,0%,0,,,,,,0,0,10,0,0,,,,,,,,
4040,1993-12-02,Benik Afobe,Congo,183cm,79kg,6,15,0.22,8,0,12.83,18,0,0,3,0,1,4,0,2,5,11,9,0,2,6,,,,,,,,,,,,0,0,4,14,36%,,,,,,,,,,,,,
1634,1981-07-28,Michael Carrick,England,188cm,74kg,254,164,0.05,111,0,38.63,456,40,39,1,6,10,197,5,540,681,1,469,14,88,121,1,"1,481","1,079",715,104,70%,93,77,"1,587",29%,90,0,0,0,229,24%,,,,,,,,,,,,,
2341,1987-11-29,Nathan Dyer,England,165cm,60kg,51,100,0.12,52,2,26.72,144,11,8,3,2,13,257,4,101,177,15,38,16,35,9,0,47,594,785,23,78%,105,172,574,18%,17,0,0,12,152,38%,,,,,,,,,,,,,
3360,1984-02-22,Branislav Ivanovic,Serbia,185cm,91kg,145,292,22,50,2,38.75,254,20,55,7,2,13,519,8,392,527,18,"1,135",20,40,531,2,655,"1,422",910,583,81%,322,106,"1,154",20%,12,,,,,,0,86,236,6,5,,,,,,,,
4084,1986-06-26,Jason Puncheon,England,173cm,70kg,48,154,0.16,64,1,31.03,154,15,16,0,19,5,660,8,140,275,20,93,17,89,23,3,243,634,878,50,77%,82,219,907,28%,43,1,3,13,292,34%,,,,,,,,,,,,,
4572,1987-02-01,Loïc Remy,France,185cm,80kg,34,46,0.38,24,1,16.77,74,3,3,4,4,20,71,5,10,20,64,21,7,47,13,,,,,,,,,,,,1,0,11,178,39%,,,,,,,,,,,,,
4430,1992-05-28,Tom Carroll,England,177cm,71kg,24,15,0.02,11,0,23.78,40,1,4,0,1,0,18,0,27,38,0,21,1,4,6,0,42,53,78,4,66%,21,7,75,17%,3,0,0,0,10,30%,,,,,,,,,,,,,
4673,1987-07-18,Claudio Yacob,Argentina,181cm,77kg,37,199,0.01,42,1,34.07,118,1,31,1,0,0,13,1,265,414,1,255,2,10,112,1,220,687,597,147,76%,140,24,625,31%,1,0,0,1,47,19%,,,,,,,,,,,,,
13871,1992-03-27,Pedro Obiang,Spain,185cm,75kg,13,23,26,3,0,19.96,26,1,4,0,0,0,4,0,39,46,0,24,1,3,12,0,30,103,86,32,76%,22,14,88,25%,2,0,0,0,8,13%,,,,,,,,,,,,,
5344,1987-07-25,Fernando,Brazil,183cm,76kg,29,57,0.08,11,0,40.79,53,2,10,1,0,3,3,1,88,99,1,89,3,8,49,1,102,219,237,78,82%,71,24,247,100%,1,0,0,6,25,28%,,,,,,,,,,,,,
8454,1992-02-27,Callum Wilson,England,180cm,66kg,5,28,0.35,11,0,10.25,20,0,0,1,0,6,7,2,3,9,9,1,2,10,1,,,,,,,,,,,,1,0,2,29,41%,,,,,,,,,,,,,
8598,1994-03-01,James Husband,England,180cm,65kg,0,0,0,0,0,0,0,0,0,0,0,0,0,0,0,0,0,0,0,0,0,0,0,0,0,0,0%,0,0,0,0%,0,,,,,,0,0,0,0,0,,,,,,,,
6047,1987-01-23,Joe Ledley,Wales,183cm,73kg,28,35,0.09,26,0,28.1,70,1,2,2,3,1,50,0,142,126,4,127,2,5,53,2,82,266,242,69,72%,102,22,332,18%,0,0,0,2,32,31%,,,,,,,,,,,,,
16719,1991-06-25,Simone Zaza,Italy,186cm,83kg,0,3,4,3,0,13.25,4,0,2,0,0,0,1,0,3,2,2,1,0,1,0,,,,,,,,,,,,0,0,0,6,6%,,,,,,,,,,,,,
12136,1992-09-27,Granit Xhaka,Switzerland,185cm,82kg,4,8,0.17,1,0,56.5,6,0,1,0,1,0,2,0,7,13,0,8,0,1,3,1,20,24,22,6,69%,4,2,31,2%,4,0,0,0,5,20%,,,,,,,,,,,,,
3206,1987-01-22,Shane Long,Ireland,178cm,70kg,75,279,0.2,95,0,15.08,213,18,18,12,10,20,234,13,97,161,138,108,16,32,50,,,,,,,,,,,,1,0,42,279,41%,,,,,,,,,,,,,
2299,1984-01-13,Glenn Whelan,Ireland,180cm,79kg,87,256,0.02,97,1,40.05,254,11,41,0,0,4,393,5,435,487,2,481,8,61,184,0,843,913,900,207,69%,141,56,"1,395",31%,28,0,0,1,174,14%,,,,,,,,,,,,,
4438,1987-03-24,Billy Jones,England,183cm,77kg,29,109,2,46,0,27.16,104,4,32,0,1,1,203,4,119,242,13,311,8,17,164,1,107,551,391,172,74%,133,67,348,17%,1,,,,,,1,20,157,0,1,,,,,,,,
19600,1993-06-22,Loris Karius,Germany,189cm,75kg,2,0,0,0,0,23.5,2,0,0,,,,,,,,,,,,,0,11,,,,,,,,,,,,,,,0,0,2,,,2,0,10,0,5,1,0,1
5175,1994-10-27,Kurt Zouma,France,190cm,92kg,17,15,1,8,0,26.21,38,1,0,1,0,0,5,1,43,47,2,168,1,3,81,0,50,153,70,91,70%,40,8,100,20%,0,,,,,,0,12,28,0,0,,,,,,,,
4616,1990-02-12,Gastón Ramírez,Uruguay,183cm,77kg,22,72,0.09,32,2,22.14,77,10,8,1,5,1,188,4,59,109,9,35,10,27,15,0,72,305,422,31,77%,74,81,250,24%,52,0,0,5,101,28%,,,,,,,,,,,,,
15052,1997-02-11,Julien Ngoy,Belgium,,,0,0,0,0,0,0,0,0,0,0,0,0,0,0,0,0,0,0,0,0,0,,,,,,,,,,,,0,0,0,0,0%,,,,,,,,,,,,,
3837,1990-08-18,Kevin Long,Ireland,188cm,83kg,0,0,0,0,0,3,1,0,0,0,0,0,0,0,0,0,0,4,0,0,2,0,0,2,0,1,0%,0,0,0,0%,0,,,,,,0,0,1,0,0,,,,,,,,
1629,1981-01-30,Peter Crouch,England,201cm,75kg,152,360,0.24,137,1,19.35,407,54,29,34,6,30,56,20,105,126,139,385,29,85,179,,,,,,,,,,,,0,0,39,579,40%,,,,,,,,,,,,,
3712,1990-06-17,Jordan Henderson,England,182cm,67kg,107,197,0.1,71,1,45.72,234,34,26,0,5,19,624,5,317,450,28,261,34,77,103,1,680,779,880,142,71%,177,100,"1,156",25%,103,1,2,14,282,29%,,,,,,,,,,,,,
4539,1992-10-11,Wilfried Zaha,England,180cm,66kg,25,101,0.08,38,0,14.35,85,5,10,0,1,6,270,2,59,125,20,19,11,31,5,0,37,587,665,27,82%,56,275,417,21%,7,0,0,9,91,34%,,,,,,,,,,,,,
19679,1996-12-23,Bartosz Kapustka,Poland,179cm,60kg,0,0,0,0,0,0,0,0,0,0,0,0,0,0,0,0,0,0,0,0,0,0,0,0,0,0,0%,0,0,0,0%,0,0,0,0,0,0%,,,,,,,,,,,,,
3285,1985-04-08,Antonio Valencia,Ecuador,181cm,83kg,144,354,20,70,3,37.53,267,42,39,2,1,17,"1,278",5,345,640,55,232,34,76,78,1,335,"1,419","1,527",184,78%,333,361,"1,310",26%,53,,,,,,0,79,213,1,2,,,,,,,,
14753,1997-12-09,Ovie Ejaria,England,,,0,0,0,0,0,0,0,0,0,0,0,0,0,0,0,0,0,0,0,0,0,0,0,0,0,0,0%,0,0,0,0%,0,0,0,0,0,0%,,,,,,,,,,,,,
4198,1990-06-05,Craig Dawson,England,188cm,78kg,26,69,6,41,0,29.2,95,2,13,5,1,0,188,3,199,152,5,469,5,18,260,0,201,521,342,289,74%,166,16,367,22%,3,,,,,,1,25,122,1,3,,,,,,,,
4726,1985-05-03,David Marshall,Scotland,191cm,83kg,7,0,0,24,0,20.54,39,0,2,,,,,,,,,,,,,3,201,,,,,,,,,,,,,,,0,7,80,,,165,9,413,0,171,64,20,22
13340,1998-11-27,Luke Dreher,England,184cm,76kg,0,0,0,0,0,0,0,0,0,0,0,0,0,0,0,0,0,0,0,0,0,0,0,0,0,0,0%,0,0,0,0%,0,0,0,0,0,0%,,,,,,,,,,,,,
4803,1985-11-21,Jesús Navas,Spain,170cm,60kg,62,46,0.04,21,0,36,103,22,4,0,0,4,606,3,61,103,14,34,24,38,14,0,122,318,356,32,76%,96,114,410,24%,20,0,0,11,113,30%,,,,,,,,,,,,,
13872,1993-02-15,Manuel Lanzini,Argentina,167cm,59kg,13,13,0.23,9,0,41.97,31,2,3,0,2,5,51,1,28,36,6,5,3,18,1,0,32,140,116,4,72%,12,66,173,25%,2,1,0,4,58,21%,,,,,,,,,,,,,
4129,1993-01-01,Jon Flanagan,England,181cm,79kg,25,52,1,8,0,40.75,40,2,9,0,0,1,41,1,70,110,1,121,2,2,66,1,47,209,227,46,74%,47,23,205,17%,2,,,,,,0,8,47,0,0,,,,,,,,
15168,2000-11-03,Kane Wilson,England,,,0,0,0,0,0,0,0,0,0,0,0,0,0,0,0,0,0,0,0,0,0,0,0,0,0,0,0%,0,0,0,0%,0,,,,,,0,0,0,0,0,,,,,,,,
3811,1994-06-03,Nathan Redmond,England,173cm,69kg,15,51,0.11,42,0,25.04,76,6,3,0,1,7,283,5,50,88,16,20,13,36,6,0,73,300,372,12,75%,48,129,247,23%,7,0,0,5,140,35%,,,,,,,,,,,,,
4246,1984-09-29,Per Mertesacker,Germany,198cm,90kg,85,48,5,30,2,50.48,149,1,11,5,0,0,4,2,254,146,3,805,1,14,413,3,303,602,275,380,74%,166,16,722,25%,1,,,,,,0,57,150,14,1,,,,,,,,
10443,1997-09-14,Dominic Solanke,England,185cm,75kg,0,0,0,0,0,0,0,0,0,0,0,0,0,0,0,0,0,0,0,0,0,,,,,,,,,,,,0,0,0,0,0%,,,,,,,,,,,,,
11364,1988-06-18,Islam Slimani,Algeria,186cm,75kg,1,3,0.67,0,0,22.33,3,0,0,2,0,0,1,1,0,1,1,0,0,1,0,,,,,,,,,,,,0,0,1,5,60%,,,,,,,,,,,,,
13494,1986-04-16,Shinji Okazaki,Japan,174cm,76kg,23,35,0.12,5,0,15.37,41,0,1,1,1,3,9,2,16,40,10,6,2,13,3,,,,,,,,,,,,0,0,8,53,28%,,,,,,,,,,,,,
13558,1994-02-12,Donald Love,Scotland,178cm,72kg,0,5,0,3,0,20.75,4,0,1,0,0,0,5,0,7,13,0,9,0,0,2,0,5,25,18,5,77%,4,4,19,20%,0,,,,,,0,0,6,0,0,,,,,,,,
10423,1990-11-26,Gabriel,Brazil,185cm,72kg,16,12,1,4,1,45.89,27,1,4,1,0,0,0,1,80,46,0,155,0,2,62,1,41,128,66,68,67%,36,3,165,0%,2,,,,,,0,11,20,4,0,,,,,,,,
15068,1996-10-25,Ethan Robson,England,178cm,73kg,0,0,0,0,0,0,0,0,0,0,0,0,0,0,0,0,0,0,0,0,0,0,0,0,0,0,0%,0,0,0,0%,0,0,0,0,0,0%,,,,,,,,,,,,,
4525,1992-12-06,Philippe Coutinho,Brazil,171cm,71kg,62,65,0.21,25,1,43.42,114,24,7,0,4,20,266,9,67,199,23,41,39,133,8,0,204,606,719,24,80%,109,252,558,23%,124,0,1,13,373,30%,,,,,,,,,,,,,
13635,1997-09-26,Chris Renshaw,England,,,0,0,0,0,0,0,0,0,0,,,,,,,,,,,,,0,0,,,,,,,,,,,,,,,0,0,0,,,0,0,0,0,0,0,0,0
3765,1985-04-19,Valon Behrami,Switzerland,185cm,78kg,26,130,0.05,37,1,27.83,86,2,11,0,1,3,53,1,153,348,0,88,3,8,22,1,55,629,479,40,73%,66,51,432,25%,21,0,0,0,45,29%,,,,,,,,,,,,,
5371,1986-07-04,Christian Fuchs,Austria,186cm,86kg,23,38,0,4,0,37.87,39,5,5,0,0,0,143,0,111,113,0,141,9,8,63,0,113,203,161,68,81%,41,10,258,27%,4,,,,,,0,18,31,0,1,,,,,,,,
2945,1987-09-13,Fraizer Campbell,England,172cm,82kg,31,139,0.12,70,0,11.91,138,7,19,3,4,9,82,3,79,109,59,50,3,34,13,,,,,,,,,,,,0,0,17,154,34%,,,,,,,,,,,,,
3062,1985-09-07,Ashley Young,England,180cm,65kg,131,308,0.15,73,1,26.72,286,62,48,0,1,43,"2,271",15,296,395,95,201,40,141,45,0,425,"1,289","1,431",89,75%,119,254,"1,039",22%,102,5,5,22,499,33%,,,,,,,,,,,,,
2569,1987-01-24,Wayne Hennessey,Wales,198cm,90kg,26,1,0,53,0,26.97,106,1,2,,,,,,,,,,,,,11,944,,,,,,,,,,,,,,,1,18,182,,,388,43,964,2,433,194,88,78
4717,1996-03-05,Alex Iwobi,Nigeria,180cm,75kg,10,4,0.11,3,0,30.5,18,5,1,0,0,2,11,1,4,13,2,1,4,7,1,0,11,45,54,3,77%,8,20,63,11%,5,0,0,0,23,35%,,,,,,,,,,,,,
4716,1997-01-26,Gedion Zelalem,United States,180cm,70kg,0,0,0,0,0,0,0,0,0,0,0,0,0,0,0,0,0,0,0,0,0,0,0,0,0,0,0%,0,0,0,0%,0,0,0,0,0,0%,,,,,,,,,,,,,
8049,1987-02-04,Marc Pugh,England,180cm,72kg,9,10,0.12,14,0,19.27,26,2,1,0,0,3,45,1,16,32,1,13,1,5,6,0,18,106,129,14,75%,31,32,69,16%,1,0,0,2,22,50%,,,,,,,,,,,,,
4973,1988-12-19,Alexis Sánchez,Chile,168cm,62kg,40,86,0.46,13,0,44.29,72,14,5,4,3,26,216,7,67,122,26,12,27,85,7,,,,,,,,,,,,0,3,20,249,39%,,,,,,,,,,,,,
2148,1984-08-23,Glen Johnson,England,178cm,70kg,160,234,15,90,1,34.04,329,26,44,1,7,4,736,5,475,693,18,934,18,76,275,2,597,"1,730","1,442",305,78%,203,466,"1,434",18%,49,,,,,,2,94,295,0,4,,,,,,,,
6519,1992-10-04,Sadio Mané,Senegal,175cm,69kg,34,89,0.33,24,2,27.93,73,10,10,1,8,15,123,2,52,106,56,23,15,43,11,0,51,478,473,58,76%,99,159,336,21%,13,0,0,21,162,40%,,,,,,,,,,,,,
10426,1998-04-01,Krystian Bielik,Poland,188cm,78kg,0,0,0,0,0,0,0,0,0,0,0,0,0,0,0,0,0,0,0,0,0,0,0,0,0,0,0%,0,0,0,0%,0,0,0,0,0,0%,,,,,,,,,,,,,
10004,1988-04-26,Bakary Sako,Mali,180cm,76kg,6,13,0.1,10,0,16.8,20,1,1,0,1,1,77,1,14,18,8,7,5,11,2,0,15,58,93,8,83%,18,20,68,17%,0,0,0,3,34,44%,,,,,,,,,,,,,
2413,1985-07-26,Gaël Clichy,France,176cm,65kg,185,211,2,45,1,45.62,303,18,32,0,1,1,778,2,807,892,17,"1,160",15,16,331,4,635,"1,604","1,076",263,78%,299,256,"1,537",20%,32,,,,,,1,98,247,6,6,,,,,,,,
6393,1985-11-22,Dieumerci Mbokani,Congo,185cm,80kg,8,18,0.23,20,0,16.35,31,1,0,1,1,5,9,1,3,11,30,25,1,5,13,,,,,,,,,,,,0,0,6,37,54%,,,,,,,,,,,,,
2932,1983-03-04,Ben Foster,England,193cm,79kg,63,9,0,90,0,23.05,220,0,7,,,,,,,,,,,,,13,"1,504",,,,,,,,,,,,,,,0,58,299,,,738,77,"2,060",6,907,354,113,193
2686,1985-09-07,Ben Watson,England,178cm,68kg,33,121,0.09,65,1,36.05,134,2,13,0,2,10,378,6,246,209,1,174,10,21,32,0,461,369,409,82,77%,60,27,544,29%,17,4,1,4,99,35%,,,,,,,,,,,,,
5594,1989-12-17,André Ayew,Ghana,176cm,72kg,11,35,0.34,15,0,30.37,35,2,5,4,7,1,23,2,23,56,9,13,3,13,9,,,,,,,,,,,,0,1,7,67,40%,,,,,,,,,,,,,
3222,1982-08-17,Phil Jagielka,England,183cm,83kg,123,137,14,93,0,41.13,308,7,17,8,0,6,125,7,538,627,3,"2,621",7,35,888,6,"1,595","1,570",773,624,76%,394,33,"1,399",30%,11,,,,,,6,95,331,22,6,,,,,,,,
4507,1987-05-10,Kevin Mirallas,Belgium,179cm,68kg,46,96,0.22,33,2,19.32,118,15,12,2,4,20,438,7,45,95,57,23,19,88,8,0,104,346,537,17,76%,73,132,299,27%,10,0,3,15,257,36%,,,,,,,,,,,,,
4081,1985-10-12,Charlie Adam,Scotland,185cm,83kg,56,287,0.18,70,3,35.89,174,22,41,2,27,3,799,4,180,285,2,197,36,106,76,2,689,865,910,183,79%,132,144,890,22%,54,10,2,5,364,28%,,,,,,,,,,,,,
15079,1999-04-27,Joel Asoro,Sweden,175cm,75kg,0,0,1,1,0,1,1,0,0,0,0,0,0,0,0,0,0,0,0,0,0,0,0,0,1,0,0%,1,0,0,0%,0,0,0,0,0,0%,,,,,,,,,,,,,
9113,1978-11-29,Dimitrios Konstantopoulos,Greece,193cm,90kg,0,0,0,0,0,0,0,0,0,,,,,,,,,,,,,0,0,,,,,,,,,,,,,,,0,0,0,,,0,0,0,0,0,0,0,0
4328,1988-02-06,Sergio Agüero,Argentina,173cm,70kg,100,104,0.69,29,0,24.1,155,26,13,8,20,79,125,17,54,99,128,5,35,127,1,,,,,,,,,,,,17,0,78,595,43%,,,,,,,,,,,,,
3311,1983-02-14,Bacary Sagna,France,176cm,72kg,142,158,4,47,1,51.56,254,19,28,3,0,1,989,0,423,502,1,"1,186",19,23,457,3,401,"1,444",886,594,73%,338,89,"1,133",19%,17,,,,,,0,90,247,6,1,,,,,,,,
4796,1990-02-13,Mamadou Sakho,France,187cm,83kg,27,27,2,16,0,54.89,56,0,2,1,1,0,5,2,91,87,1,368,0,3,240,1,151,302,186,168,76%,116,27,386,20%,1,,,,,,0,13,76,3,2,,,,,,,,
4951,1982-01-14,Víctor Valdés,Spain,183cm,78kg,0,0,0,3,0,30.43,7,0,0,,,,,,,,,,,,,0,67,,,,,,,,,,,,,,,0,1,10,,,16,3,66,0,18,4,5,2
14194,1996-02-02,Greg Olley,England,,,0,0,0,0,0,0,0,0,0,0,0,0,0,0,0,0,0,0,0,0,0,0,0,0,0,0,0%,0,0,0,0%,0,0,0,0,0,0%,,,,,,,,,,,,,
12306,1994-12-21,Daniel Amartey,Ghana,182cm,76kg,6,8,11,2,0,25.09,11,0,1,0,0,0,0,0,9,10,0,5,0,1,0,0,22,25,41,11,80%,14,1,53,0%,0,0,0,1,5,40%,,,,,,,,,,,,,
13191,1997-08-05,Jordan Holmes,Australia,188cm,75kg,0,0,0,0,0,0,0,0,0,,,,,,,,,,,,,0,0,,,,,,,,,,,,,,,0,0,0,,,0,0,0,0,0,0,0,0
13389,1998-06-30,Tom Davies,England,179cm,78kg,3,2,4,0,0,16.75,4,0,0,0,0,0,1,0,5,3,0,2,0,1,1,0,2,8,5,0,67%,1,2,5,1%,0,0,0,0,1,1%,,,,,,,,,,,,,
4477,1984-12-13,Santiago Cazorla,Spain,168cm,66kg,77,67,0.2,24,1,66.46,128,35,12,1,10,14,594,5,172,212,8,68,43,111,26,2,433,652,640,19,76%,60,265,859,24%,128,8,0,8,313,36%,,,,,,,,,,,,,
5772,1981-03-10,Zlatan Ibrahimovic,Sweden,195cm,95kg,3,12,0.57,2,0,32.86,7,0,2,1,0,3,4,0,3,8,8,4,3,10,3,,,,,,,,,,,,1,0,5,36,33%,,,,,,,,,,,,,
3390,1990-01-02,Dan Gosling,England,178cm,71kg,36,55,0.09,34,1,21.41,86,1,10,1,2,5,63,2,89,126,3,46,2,19,15,1,62,294,325,53,70%,63,50,249,30%,13,0,0,7,78,31%,,,,,,,,,,,,,
19617,1992-06-23,Nampalys Mendy,France,168cm,68kg,0,3,1,0,0,13,1,0,1,0,0,0,0,0,2,0,0,1,0,0,1,0,0,4,6,1,0%,1,0,0,0%,0,0,0,0,0,0%,,,,,,,,,,,,,
13192,1999-04-03,Corey Jordan,England,,,0,0,0,0,0,0,0,0,0,0,0,0,0,0,0,0,0,0,0,0,0,0,0,0,0,0,0%,0,0,0,0%,0,,,,,,0,0,0,0,0,,,,,,,,
3127,1983-01-17,Álvaro Arbeloa,Spain,184cm,79kg,38,87,2,8,0,38.43,68,3,15,0,1,1,128,0,130,213,4,298,0,3,79,1,96,379,264,57,78%,39,26,317,23%,4,,,,,,0,30,52,1,1,,,,,,,,
2886,1989-05-08,Ryan Bertrand,England,,,51,107,3,41,1,35.32,114,7,15,0,2,1,371,0,185,160,6,219,16,13,104,0,172,458,396,135,74%,117,58,427,20%,4,,,,,,0,31,124,1,4,,,,,,,,
19599,1989-04-14,Luis Hernández,Spain,182cm,74kg,0,1,0,2,0,31.5,2,0,0,0,0,0,3,0,4,2,0,4,0,0,3,0,1,6,7,3,100%,4,0,11,67%,0,,,,,,0,0,4,0,0,,,,,,,,
4141,1985-10-11,Aleksandar Kolarov,Serbia,187cm,83kg,90,111,10,30,1,36.99,143,19,21,0,9,1,680,7,186,227,16,337,24,68,172,1,250,639,492,178,75%,123,84,634,26%,8,,,,,,1,39,112,2,0,,,,,,,,
4492,1990-03-12,Christian Benteke,Belgium,190cm,83kg,40,198,0.44,56,2,29.52,123,11,15,19,7,28,27,5,13,46,142,87,20,79,50,,,,,,,,,,,,7,1,41,327,38%,,,,,,,,,,,,,
4482,1995-09-10,Chuba Akpom,England,183cm,70kg,2,1,4,2,0,1.25,4,0,0,0,0,0,1,0,0,1,0,1,0,0,0,,,,,,,,,,,,0,0,1,2,100%,,,,,,,,,,,,,
4821,1988-07-08,Erik Pieters,Netherlands,184cm,84kg,36,167,1,41,0,37.23,108,5,24,0,1,0,260,0,219,322,2,375,8,6,190,2,179,676,509,194,76%,133,36,481,15%,1,,,,,,0,24,133,2,1,,,,,,,,
5272,1995-05-08,Pierre-Emile Højbjerg,Denmark,185cm,84kg,2,6,7,2,0,56.14,7,0,1,0,0,0,10,0,10,18,0,8,0,5,4,0,16,38,28,5,72%,3,3,45,60%,1,0,0,0,10,20%,,,,,,,,,,,,,
8976,1988-10-29,Andy King,Wales,183cm,75kg,24,16,0.08,16,0,21.96,53,1,3,0,0,4,24,0,63,74,2,52,3,11,33,0,56,172,121,56,81%,46,18,180,17%,1,0,0,4,35,26%,,,,,,,,,,,,,
10951,1987-05-31,Rene Gilmartin,Ireland,196cm,85kg,0,0,0,0,0,0,0,0,0,,,,,,,,,,,,,0,0,,,,,,,,,,,,,,,0,0,0,,,0,0,0,0,0,0,0,0
3251,1986-03-10,Adrian Mariappa,Jamaica,180cm,78kg,20,62,2,47,0,24.53,87,1,16,2,0,0,94,1,152,177,5,470,1,4,173,0,127,437,304,184,73%,129,24,225,23%,2,,,,,,0,17,138,3,6,,,,,,,,
11213,1991-07-01,Roberto Pereyra,Argentina,182cm,77kg,2,4,0.2,2,0,32.6,5,2,2,0,1,0,9,0,3,2,1,1,3,0,0,0,5,9,21,0,100%,3,3,29,44%,0,0,0,1,2,100%,,,,,,,,,,,,,
8868,1996-12-20,Jarrod Bowen,England,,,0,0,0,0,0,0,0,0,0,0,0,0,0,0,0,0,0,0,0,0,0,,,,,,,,,,,,0,0,0,0,0%,,,,,,,,,,,,,
3724,1991-07-16,Andros Townsend,England,181cm,77kg,36,32,0.12,29,0,21.28,82,5,8,0,8,2,332,2,57,137,2,21,10,57,3,1,27,412,417,2,82%,24,186,292,20%,5,1,1,3,162,35%,,,,,,,,,,,,,
4777,1994-03-13,Gerard Deulofeu,Spain,171cm,68kg,22,11,0.09,16,0,15.68,56,11,3,0,2,3,230,0,24,27,9,5,11,8,0,,,,,,,,,,,,0,0,4,45,64%,,,,,,,,,,,,,
3983,1990-12-12,Victor Moses,Nigeria,177cm,75kg,62,118,0.09,56,0,17.59,162,13,10,3,3,9,381,6,97,135,42,33,19,65,16,0,88,669,780,60,74%,113,274,499,22%,15,1,0,19,246,27%,,,,,,,,,,,,,
8586,1992-01-31,Jeff Hendrick,Ireland,185cm,79kg,1,1,0.25,2,0,23,4,0,0,1,0,0,1,0,5,4,1,4,0,1,2,0,9,17,20,4,25%,7,2,18,1%,0,0,0,0,4,25%,,,,,,,,,,,,,
4245,1992-02-09,Emiliano Martinez,Argentina,183cm,89kg,2,0,0,2,0,20.25,4,0,0,,,,,,,,,,,,,0,22,,,,,,,,,,,,,,,0,2,4,,,4,1,28,0,20,9,2,1
19618,1996-07-01,Isaac Success,Nigeria,186cm,86kg,2,2,0.2,2,0,6.2,5,0,1,1,0,0,2,0,1,3,0,1,0,1,1,,,,,,,,,,,,0,0,1,7,57%,,,,,,,,,,,,,
11575,1995-09-20,Rob Holding,England,185cm,90kg,1,2,0,1,0,51.67,3,0,1,0,0,0,0,0,4,4,0,17,0,0,9,0,9,22,13,15,100%,8,2,16,0%,0,,,,,,0,1,5,0,0,,,,,,,,
20869,1995-09-20,Ollie Harfield,,,,0,0,0,0,0,0,0,0,0,0,0,0,0,0,0,0,0,0,0,0,0,0,0,0,0,0,0%,0,0,0,0%,0,,,,,,0,0,0,0,0,,,,,,,,
12854,1989-02-12,Matteo Darmian,Italy,182cm,70kg,14,27,1,6,0,33.36,28,0,8,0,1,0,53,0,42,84,4,53,3,0,14,0,40,138,96,20,82%,13,11,103,17%,0,,,,,,0,8,18,0,0,,,,,,,,
13873,1997-12-18,Marcus Browne,England,,,0,0,0,0,0,0,0,0,0,0,0,0,0,0,0,0,0,0,0,0,0,0,0,0,0,0,0%,0,0,0,0%,0,0,0,0,0,0%,,,,,,,,,,,,,
15269,1996-01-22,Angus Gunn,England,188cm,77kg,0,0,0,0,0,0,0,0,0,,,,,,,,,,,,,0,0,,,,,,,,,,,,,,,0,0,0,,,0,0,0,0,0,0,0,0
4316,1994-08-12,Raheem Sterling,England,170cm,69kg,69,160,0.21,36,0,29.13,133,18,13,1,6,21,279,7,71,161,38,34,23,65,11,,,,,,,,,,,,0,0,29,233,41%,,,,,,,,,,,,,
3820,1992-02-21,Phil Jones,England,185cm,72kg,72,125,2,33,0,36.76,139,5,22,1,0,1,132,2,312,314,3,735,9,17,360,0,346,755,480,245,73%,169,59,536,21%,13,,,,,,1,37,125,9,1,,,,,,,,
3889,1989-09-08,Stefano Okaka,Italy,186cm,82kg,5,23,0.17,5,0,9.5,12,0,2,0,0,2,2,0,2,9,5,2,1,3,1,,,,,,,,,,,,0,0,0,16,38%,,,,,,,,,,,,,
3548,1990-12-26,Aaron Ramsey,Wales,178cm,76kg,106,200,0.15,38,0,54.8,188,28,23,1,3,24,221,7,219,384,13,104,31,94,41,1,480,836,"1,016",95,76%,124,177,979,17%,149,0,0,26,330,32%,,,,,,,,,,,,,
5586,1987-03-29,Dimitri Payet,France,175cm,77kg,15,13,0.29,10,0,42.54,35,15,4,0,0,10,330,3,24,27,3,4,18,28,2,1,85,164,172,2,67%,12,84,176,33%,23,0,2,1,88,35%,,,,,,,,,,,,,
10512,1994-08-09,George Honeyman,England,173cm,72kg,0,0,1,0,0,5,1,0,0,0,0,0,0,0,0,0,0,1,0,0,0,0,0,2,0,0,0%,0,1,1,0%,0,0,0,0,0,0%,,,,,,,,,,,,,
2847,1986-11-25,Craig Gardner,England,178cm,76kg,75,337,0.12,102,4,24,256,14,53,1,7,23,470,8,290,585,31,399,13,96,126,2,396,"1,046","1,091",195,74%,241,84,870,21%,35,6,5,10,359,31%,,,,,,,,,,,,,
1911,1981-07-20,Damien Delaney,Ireland,191cm,89kg,37,71,3,53,1,25.42,113,4,20,1,1,1,15,1,207,153,2,826,7,5,474,3,342,497,316,298,74%,173,8,377,40%,0,,,,,,3,22,135,6,0,,,,,,,,
11347,1991-08-31,Cédric Soares,Portugal,172cm,67kg,12,20,0,9,0,34.77,31,2,3,0,0,0,146,0,63,87,3,85,5,2,29,0,79,147,115,25,79%,43,20,170,27%,0,,,,,,0,6,25,0,2,,,,,,,,
4403,1984-08-23,Ashley Williams,Wales,183cm,77kg,62,173,4,73,0,55.61,187,3,32,3,0,1,5,0,479,274,13,"1,713",4,20,744,6,"1,108",772,571,419,74%,324,22,847,40%,9,,,,,,0,54,246,6,7,,,,,,,,
7482,1994-01-04,Jay Fulton,Scotland,178cm,68kg,5,3,7,2,0,16.14,7,0,1,0,0,0,1,0,11,10,0,7,0,1,6,0,2,17,12,6,60%,5,1,12,1%,0,0,0,0,1,1%,,,,,,,,,,,,,
851,1976-04-20,Shay Given,Ireland,183cm,84kg,168,0,0,156,0,7.83,451,0,19,,,,,,,,,,,,,6,"1,062",,,,,,,,,,,,,,,2,32,239,,,475,79,"1,516",5,502,165,42,144
5551,1985-02-26,Fernando Llorente,Spain,195cm,90kg,1,16,0.17,4,0,28.17,6,0,0,0,1,0,4,0,0,3,2,11,0,3,8,,,,,,,,,,,,0,0,1,14,43%,,,,,,,,,,,,,
2064,1985-10-24,Wayne Rooney,England,176cm,83kg,265,319,0.44,89,3,29.43,441,98,92,19,19,114,972,27,176,259,165,196,59,285,84,,,,,,,,,,,,19,6,45,"1,152",38%,,,,,,,,,,,,,
5140,1991-08-07,Virgil van Dijk,Netherlands,193cm,92kg,19,35,3,12,0,42.71,41,0,5,1,2,0,2,5,116,65,2,319,4,6,183,0,160,289,123,190,75%,70,18,192,50%,1,,,,,,0,13,42,1,1,,,,,,,,
3613,1989-11-22,Chris Smalling,England,192cm,81kg,85,139,7,38,1,36.91,153,1,13,6,0,1,63,2,260,204,9,919,2,26,462,1,404,725,432,398,71%,200,54,640,35%,6,,,,,,3,47,138,8,0,,,,,,,,
3830,1988-02-07,Lee Chung-yong,South Korea,180cm,75kg,28,44,0.09,41,0,18.16,90,10,5,1,4,3,254,0,122,134,9,45,12,10,12,1,42,370,377,65,78%,84,69,334,33%,28,0,0,2,56,38%,,,,,,,,,,,,,
4620,1995-01-20,Calum Chambers,England,183cm,66kg,26,53,2,18,1,35.45,60,1,9,1,0,1,134,0,99,112,1,187,3,3,114,0,73,300,245,113,83%,78,43,252,21%,2,,,,,,1,12,59,1,1,,,,,,,,
13145,1995-02-10,Ashley Fletcher,England,185cm,78kg,1,2,5,4,0,5,5,0,1,0,0,0,1,0,0,0,1,0,0,0,0,,,,,,,,,,,,0,0,0,4,25%,,,,,,,,,,,,,
14457,1998-10-23,Josh Da Silva,England,,,0,0,0,0,0,0,0,0,0,0,0,0,0,0,0,0,0,0,0,0,0,,,,,,,,,,,,0,0,0,0,0%,,,,,,,,,,,,,
4888,1990-09-03,Daley Blind,Netherlands,180cm,72kg,34,53,3,17,0,59.14,66,5,6,0,3,0,164,1,179,166,1,207,5,14,90,0,295,299,236,74,73%,94,31,441,24%,5,,,,,,0,21,66,0,1,,,,,,,,
3517,1989-03-29,James Tomkins,England,191cm,74kg,53,107,5,73,2,29.15,168,5,24,4,0,1,45,4,295,315,4,"1,428",6,20,625,4,434,939,475,505,75%,249,14,592,33%,3,,,,,,0,35,214,14,3,,,,,,,,
15044,1999-09-07,Thibaud Verlinden,Belgium,,,0,0,0,0,0,0,0,0,0,0,0,0,0,0,0,0,0,0,0,0,0,0,0,0,0,0,0%,0,0,0,0%,0,0,0,0,0,0%,,,,,,,,,,,,,
8246,1989-10-30,Ashley Barnes,Austria,186cm,77kg,7,74,0.14,17,1,21.37,35,2,4,2,0,3,28,4,19,23,10,36,0,14,25,,,,,,,,,,,,0,0,3,66,32%,,,,,,,,,,,,,
3309,1985-04-18,Lukasz Fabianski,Poland,190cm,83kg,50,3,0,39,1,24.42,113,2,2,,,,,,,,,,,,,10,749,,,,,,,,,,,,,,,0,35,143,,,357,100,904,1,711,224,87,52
10466,1981-09-28,Willy Caballero,Argentina,186cm,80kg,7,0,0,2,0,23.33,9,0,0,,,,,,,,,,,,,1,52,,,,,,,,,,,,,,,0,1,12,,,26,4,44,0,27,7,5,1
4496,1989-08-28,César Azpilicueta,Spain,178cm,75kg,71,115,2,24,1,45.93,129,10,14,0,0,2,226,1,251,377,3,408,7,10,196,0,282,644,447,162,78%,143,32,631,24%,3,,,,,,2,44,122,2,3,,,,,,,,
20742,1994-12-13,Pau López,Spain,189cm,77kg,0,0,0,0,0,0,0,0,0,,,,,,,,,,,,,0,0,,,,,,,,,,,,,,,0,0,0,,,0,0,0,0,0,0,0,0
10498,1988-11-20,Dusan Tadic,Serbia,181cm,76kg,33,63,0.17,23,0,27.97,72,19,4,0,10,2,467,4,49,80,25,28,25,40,4,0,45,228,337,17,71%,51,70,240,24%,20,2,0,8,125,35%,,,,,,,,,,,,,
10518,1989-01-09,Jefferson Montero,Ecuador,170cm,68kg,19,24,0.02,26,0,14.02,57,9,0,1,0,0,217,1,27,60,6,12,10,10,4,0,10,283,272,20,80%,35,131,199,20%,3,0,0,2,34,32%,,,,,,,,,,,,,
12983,1990-02-14,Adama Diomande,Norway,180cm,75kg,2,4,0.14,4,0,21,7,0,0,0,0,1,0,0,3,12,2,6,0,1,4,,,,,,,,,,,,0,0,1,6,17%,,,,,,,,,,,,,
3960,1993-07-28,Harry Kane,England,188cm,65kg,48,85,0.56,19,0,23.36,91,6,9,8,11,32,100,10,44,77,70,62,12,81,39,,,,,,,,,,,,7,1,39,314,45%,,,,,,,,,,,,,
8983,1991-02-21,Riyad Mahrez,Algeria,179cm,61kg,32,53,0.3,19,0,27.34,74,14,2,2,17,2,292,5,77,101,5,22,33,46,11,0,98,516,639,61,71%,130,222,417,24%,32,5,0,10,166,41%,,,,,,,,,,,,,
13122,1998-01-31,Chris Willock,England,180cm,75kg,0,0,0,0,0,0,0,0,0,0,0,0,0,0,0,0,0,0,0,0,0,0,0,0,0,0,0%,0,0,0,0%,0,0,0,0,0,0%,,,,,,,,,,,,,
4604,1991-05-04,Nathaniel Clyne,England,175cm,67kg,54,80,4,47,0,42.21,134,8,15,0,1,3,355,1,225,366,1,339,11,22,78,3,194,598,438,46,70%,102,105,614,19%,12,,,,,,1,39,158,5,0,,,,,,,,
1295,1980-11-28,Stuart Taylor,England,198cm,85kg,12,0,0,11,0,5.82,34,0,1,,,,,,,,,,,,,1,78,,,,,,,,,,,,,,,0,0,25,,,42,8,139,1,24,10,2,10
4405,1982-10-28,Angel Rangel,Spain,188cm,84kg,52,148,3,59,1,57.83,152,4,25,0,1,2,325,1,411,360,8,509,14,21,200,1,476,658,556,159,76%,163,57,752,21%,17,,,,,,0,35,181,3,2,,,,,,,,
19616,1994-10-11,Takuma Asano,Japan,173cm,71kg,0,0,0,0,0,0,0,0,0,0,0,0,0,0,0,0,0,0,0,0,0,,,,,,,,,,,,0,0,0,0,0%,,,,,,,,,,,,,
13777,1992-01-05,Jakob Haugaard,Denmark,197cm,87kg,0,0,0,3,0,25.6,5,0,0,,,,,,,,,,,,,0,55,,,,,,,,,,,,,,,0,0,11,,,11,3,39,0,15,10,5,2
3484,1989-05-21,Hal Robson-Kanu,Wales,183cm,83kg,4,28,0.25,16,0,12.04,28,1,0,2,5,0,70,1,21,11,2,15,1,8,6,,,,,,,,,,,,1,0,2,37,38%,,,,,,,,,,,,,
4205,1993-04-08,Saido Berahino,England,178cm,77kg,27,78,0.22,46,0,17.05,105,2,3,2,6,15,90,5,24,67,43,17,7,45,7,,,,,,,,,,,,5,0,17,184,36%,,,,,,,,,,,,,
3877,1991-08-10,Adam Forshaw,England,185cm,71kg,2,6,8,3,0,47.62,8,0,1,0,0,0,5,0,13,15,0,3,1,1,2,0,35,29,28,5,67%,5,5,40,20%,1,0,0,0,3,3%,,,,,,,,,,,,,
3665,1990-09-07,Fabio,Brazil,172cm,65kg,24,60,1,20,0,22.36,56,0,8,0,0,1,99,0,75,139,4,127,2,5,53,1,33,245,205,41,76%,42,32,170,16%,5,,,,,,0,6,49,0,2,,,,,,,,
5810,1983-04-13,Claudio Bravo,Chile,184cm,80kg,3,0,0,1,0,46.25,4,0,0,,,,,,,,,,,,,1,25,,,,,,,,,,,,,,,0,1,4,,,13,4,24,1,16,2,5,3
4224,1987-07-10,James McArthur,Scotland,168cm,64kg,49,172,0.08,64,0,36.9,148,6,23,3,2,7,43,1,239,329,4,165,6,37,52,0,372,648,677,153,78%,161,65,749,12%,18,0,0,5,104,34%,,,,,,,,,,,,,
20708,1994-06-17,Didier Ndong,Gabon,179cm,75kg,0,6,4,3,0,32.25,4,0,1,0,0,0,6,0,10,5,0,2,0,1,2,0,12,13,20,2,80%,6,4,27,17%,1,0,0,0,1,1%,,,,,,,,,,,,,
5101,1990-10-24,Ilkay Gündogan,Germany,180cm,80kg,2,0,0.33,1,0,34.67,3,0,0,0,0,1,0,0,3,1,0,0,0,3,0,0,2,7,7,0,100%,0,4,9,0%,0,0,0,0,5,20%,,,,,,,,,,,,,
3905,1990-09-19,Kieran Trippier,England,178cm,71kg,12,20,1,20,0,44.23,44,5,3,0,0,1,375,0,93,87,2,163,10,5,99,0,227,250,183,84,79%,60,29,286,26%,2,,,,,,0,11,57,0,1,,,,,,,,
4179,1988-06-03,Simon Mignolet,Belgium,193cm,87kg,86,2,0,63,0,21.63,203,0,4,,,,,,,,,,,,,15,"1,145",,,,,,,,,,,,,,,1,64,265,,,591,173,"1,750",6,676,214,132,106
15139,1998-03-12,Marcus Edwards,England,167cm,,0,0,0,0,0,0,0,0,0,0,0,0,0,0,0,0,0,0,0,0,0,0,0,0,0,0,0%,0,0,0,0%,0,0,0,0,0,0%,,,,,,,,,,,,,
3158,1987-04-10,Ryan Shawcross,England,191cm,76kg,82,271,12,105,5,23.84,262,7,53,7,0,5,42,5,343,399,34,"2,350",3,20,978,3,698,"1,230",786,640,70%,357,35,646,21%,0,,,,,,3,70,333,17,7,,,,,,,,
3654,1985-01-16,Pablo Zabaleta,Argentina,174cm,74kg,126,283,8,48,4,41.86,215,18,52,1,1,6,496,5,464,768,15,701,27,45,306,0,320,"1,334",985,300,75%,252,59,908,17%,21,,,,,,1,70,195,3,3,,,,,,,,
11013,1995-10-21,Connor Randall,England,180cm,76kg,2,2,0,0,0,27.33,3,0,0,0,0,0,1,0,3,3,0,0,0,1,0,0,5,6,12,2,67%,3,0,8,1%,0,,,,,,0,0,3,0,0,,,,,,,,
7490,1997-04-27,Josh Onomah,England,180cm,64kg,5,1,10,2,0,5.2,10,0,0,0,0,0,5,0,1,6,1,2,0,0,0,0,0,9,8,1,100%,1,2,3,5%,0,0,0,0,3,67%,,,,,,,,,,,,,
3030,1984-11-12,Leighton Baines,England,170cm,74kg,140,237,28,113,0,35.06,357,47,41,0,27,1,"2,112",8,462,673,38,902,57,87,235,2,682,"1,440","1,087",149,76%,178,212,"1,101",25%,19,,,,,,2,90,367,4,9,,,,,,,,
4618,1988-10-05,Adam Lallana,England,172cm,73kg,52,113,0.18,42,0,34.06,132,23,12,0,12,10,427,5,137,242,45,101,20,71,37,0,110,687,833,83,81%,179,173,635,20%,42,0,0,20,219,35%,,,,,,,,,,,,,
5671,1985-12-14,Juan Zuñiga,Colombia,172cm,72kg,1,0,1,2,0,16.6,5,0,0,0,0,1,3,0,0,6,0,1,0,1,0,0,4,13,2,0,83%,1,2,11,3%,0,,,,,,0,0,3,0,0,,,,,,,,
4474,1995-03-19,Héctor Bellerín,Spain,177cm,74kg,38,38,3,10,0,44.49,63,7,8,0,2,1,202,1,123,102,2,139,13,7,59,0,54,284,288,64,80%,83,105,301,16%,12,,,,,,0,27,55,1,1,,,,,,,,
13573,1986-12-10,Cristhian Stuani,Uruguay,186cm,77kg,1,6,0.6,2,0,26.6,5,0,1,1,1,1,10,0,4,14,2,8,1,0,3,,,,,,,,,,,,0,0,0,4,100%,,,,,,,,,,,,,
13717,1997-05-09,Olufela Olomola,Nigeria,,,0,0,0,0,0,0,0,0,0,0,0,0,0,0,0,0,0,0,0,0,0,,,,,,,,,,,,0,0,0,0,0%,,,,,,,,,,,,,
10953,1987-08-07,Juan Carlos Paredes,Ecuador,174cm,72kg,6,10,0,5,0,15.53,17,0,1,0,0,0,29,0,16,15,0,13,0,0,4,0,18,35,43,2,73%,3,9,51,24%,0,,,,,,0,1,12,0,0,,,,,,,,
3014,1987-08-05,Mark Noble,England,180cm,70kg,88,278,0.11,111,4,46.49,266,27,56,0,1,29,853,5,449,661,23,209,26,75,46,3,"1,025","1,157","1,080",64,74%,90,172,"1,595",33%,80,17,1,1,265,33%,,,,,,,,,,,,,
10867,1994-06-12,Greg Luer,England,180cm,73kg,0,0,0,0,0,0,0,0,0,0,0,0,0,0,0,0,0,0,0,0,0,,,,,,,,,,,,0,0,0,0,0%,,,,,,,,,,,,,
14982,1997-12-20,Harry Lewis,England,191cm,77kg,0,0,0,0,0,0,0,0,0,,,,,,,,,,,,,0,0,,,,,,,,,,,,,,,0,0,0,,,0,0,0,0,0,0,0,0
5345,1988-04-15,Steven Defour,Belgium,175cm,72kg,2,6,0.17,3,0,35.67,6,3,0,0,0,1,19,0,16,9,0,4,0,1,1,0,12,17,21,0,89%,1,6,38,47%,0,0,0,1,4,75%,,,,,,,,,,,,,
4640,1994-07-03,Jordan Pickford,England,185cm,77kg,0,0,0,4,0,32.43,7,0,0,,,,,,,,,,,,,1,57,,,,,,,,,,,,,,,0,0,15,,,38,6,79,0,22,15,10,5
4718,1993-01-27,Yaya Sanogo,France,191cm,74kg,10,18,21,7,0,7.19,21,0,1,0,0,0,3,0,6,5,9,6,0,8,5,,,,,,,,,,,,0,0,3,19,16%,,,,,,,,,,,,,
2889,1989-06-25,Jack Cork,England,183cm,70kg,51,106,0.04,49,0,46.46,136,6,12,1,1,3,99,2,260,280,7,237,7,20,98,0,321,704,645,202,74%,221,82,808,15%,28,0,0,4,71,35%,,,,,,,,,,,,,
2651,1982-05-20,Petr Cech,Czech Republic,196cm,90kg,242,3,0,55,1,16.29,374,2,5,,,,,,,,,,,,,17,"1,732",,,,,,,,,,,,,,,2,140,246,,,790,187,"2,330",3,"1,596",527,165,241
3869,1992-04-17,Shkodran Mustafi,Germany,184cm,82kg,4,6,0,0,0,68.75,4,0,0,0,0,0,5,0,10,15,0,26,0,2,17,0,7,29,17,11,80%,12,2,19,20%,0,,,,,,0,2,2,0,0,,,,,,,,
4481,1986-09-30,Olivier Giroud,France,192cm,88kg,80,161,0.41,25,2,24.88,138,20,14,19,33,5,81,13,50,113,88,134,29,76,80,,,,,,,,,,,,2,0,60,393,38%,,,,,,,,,,,,,
4843,1988-11-07,Etienne Capoue,France,189cm,80kg,25,104,0.08,27,0,46.44,64,2,10,0,3,2,58,0,158,169,2,104,1,19,54,0,238,385,356,64,72%,49,70,391,24%,5,0,0,5,57,30%,,,,,,,,,,,,,
6045,1991-08-03,Mika,Portugal,195cm,89kg,0,0,0,0,0,0,0,0,0,,,,,,,,,,,,,0,0,,,,,,,,,,,,,,,0,0,0,,,0,0,0,0,0,0,0,0
4815,1995-09-18,Matt Targett,England,183cm,70kg,10,6,0,6,0,28.83,23,1,1,0,0,0,66,0,37,35,1,48,0,2,15,1,58,87,57,25,80%,17,9,93,23%,2,,,,,,0,6,17,0,0,,,,,,,,
11177,1992-08-02,Bruno Martins Indi,Netherlands,187cm,76kg,0,2,0,2,0,30.25,4,0,0,0,0,0,2,0,11,9,1,23,0,1,5,0,5,16,9,5,89%,4,2,21,2%,0,,,,,,0,0,10,0,0,,,,,,,,
13387,1991-05-03,Ramiro Funes Mori,Argentina,185cm,74kg,10,9,4,9,1,42.25,32,1,4,2,1,1,7,0,74,42,2,232,2,2,102,0,122,155,82,83,76%,45,13,155,57%,0,,,,,,0,6,37,1,0,,,,,,,,
6030,1989-09-16,Salomón Rondón,Venezuela,189cm,85kg,10,39,0.29,15,1,18.54,41,3,1,6,1,4,35,1,15,11,30,52,4,21,31,,,,,,,,,,,,0,0,8,93,29%,,,,,,,,,,,,,
10734,1996-09-04,Emerson Hyndman,United States,172cm,61kg,0,0,0,0,0,0,0,0,0,0,0,0,0,0,0,0,0,0,0,0,0,0,0,0,0,0,0%,0,0,0,0%,0,0,0,0,0,0%,,,,,,,,,,,,,
2270,1987-04-16,Aaron Lennon,England,165cm,63kg,142,114,0.1,95,0,20.25,317,46,12,0,9,22,904,6,202,338,39,123,45,83,13,0,145,"1,058","1,074",23,77%,93,378,791,24%,54,0,0,9,246,39%,,,,,,,,,,,,,
3046,1989-09-26,Kieran Gibbs,England,178cm,70kg,76,77,2,20,1,35.79,128,7,11,0,2,0,326,0,248,280,12,380,10,15,176,1,113,594,476,176,70%,196,91,496,17%,11,,,,,,1,25,102,3,2,,,,,,,,
2152,1982-09-16,Leon Britton,England,168cm,64kg,40,59,131,56,0,53.44,131,1,15,0,0,0,14,0,251,207,0,110,2,10,24,0,259,439,364,37,73%,66,74,802,29%,11,0,0,0,24,8%,,,,,,,,,,,,,
4612,1994-01-27,Jack Stephens,England,185cm,75kg,0,0,0,0,0,0,0,0,0,0,0,0,0,0,0,0,0,0,0,0,0,0,0,0,0,0,0%,0,0,0,0%,0,,,,,,0,0,0,0,0,,,,,,,,
15119,1997-08-02,Anton Walkes,England,,,0,0,0,0,0,0,0,0,0,0,0,0,0,0,0,0,0,0,0,0,0,0,0,0,0,0,0%,0,0,0,0%,0,,,,,,0,0,0,0,0,,,,,,,,
4529,1996-09-20,Jerome Sinclair,England,173cm,79kg,0,0,2,1,0,3,2,0,0,0,0,0,0,0,0,0,0,0,0,0,0,,,,,,,,,,,,0,0,0,0,0%,,,,,,,,,,,,,
7990,1990-05-02,Jordan Rhodes,Scotland,185cm,71kg,0,1,2,1,0,8,2,0,0,0,0,0,1,0,0,1,1,0,0,0,0,,,,,,,,,,,,0,0,1,4,75%,,,,,,,,,,,,,
12815,1987-11-30,Max Gradel,Cote D'Ivoire,175cm,69kg,7,12,0.06,8,0,17.78,18,2,1,0,0,1,51,0,15,27,5,6,0,7,3,,,,,,,,,,,,0,0,2,19,37%,,,,,,,,,,,,,
4337,1992-12-15,Jesse Lingard,England,168cm,58kg,13,27,0.14,8,0,27.59,29,2,4,1,0,3,26,1,16,40,6,13,4,9,1,0,10,87,131,3,75%,21,21,98,12%,5,0,0,4,33,42%,,,,,,,,,,,,,
1308,1981-02-23,Gareth Barry,England,183cm,78kg,249,569,0.09,176,6,31.08,602,61,112,5,25,3,860,6,586,949,43,801,15,74,280,3,"1,532","1,911","1,785",392,78%,299,189,"2,138",28%,97,14,0,8,294,35%,,,,,,,,,,,,,
3316,1990-06-21,Håvard Nordtveit,Norway,188cm,83kg,1,3,4,3,0,36.75,4,0,0,0,0,0,6,0,13,5,0,6,0,0,2,0,9,11,11,2,80%,1,1,14,17%,0,0,0,0,0,0%,,,,,,,,,,,,,
3597,1992-01-20,Gökhan Töre,Turkey,176cm,74kg,1,4,5,3,0,11.2,5,1,0,0,0,0,13,0,0,4,1,0,1,1,0,0,1,8,21,0,75%,4,3,7,31%,1,0,0,0,5,5%,,,,,,,,,,,,,
2933,1986-04-15,Tom Heaton,England,188cm,85kg,9,0,0,23,0,27.07,45,0,1,,,,,,,,,,,,,1,426,,,,,,,,,,,,,,,1,12,62,,,156,17,378,2,172,55,21,34
4999,1992-08-07,Son Heung-Min,South Korea,184cm,79kg,19,14,0.25,5,0,18.59,32,3,0,0,4,4,43,2,13,29,15,7,2,18,3,0,5,92,157,11,79%,21,34,81,21%,2,0,0,3,56,36%,,,,,,,,,,,,,
3333,1991-02-12,Jordon Mutch,England,175cm,65kg,20,80,0.09,39,0,23.6,75,7,11,2,3,2,150,0,56,98,16,56,8,21,35,0,87,296,372,85,82%,155,61,203,21%,13,0,0,8,90,28%,,,,,,,,,,,,,
3448,1989-12-08,Tom Cleverley,England,175cm,67kg,58,90,0.08,44,0,41.03,137,9,14,1,1,9,221,2,131,271,1,98,11,43,25,0,303,500,493,47,78%,95,52,605,20%,14,0,0,8,131,34%,,,,,,,,,,,,,
13821,1988-10-05,Nyom,Cameroon,189cm,81kg,12,40,0,15,0,25.63,35,1,10,0,0,0,90,0,64,84,0,77,1,4,24,1,61,155,118,17,89%,22,29,194,13%,1,,,,,,0,9,36,0,0,,,,,,,,
10465,1995-04-18,Divock Origi,Belgium,185cm,75kg,10,13,0.24,6,0,8.9,21,1,0,2,0,3,15,1,0,5,12,1,0,7,0,,,,,,,,,,,,0,0,4,26,54%,,,,,,,,,,,,,
4573,1989-03-12,Alex McCarthy,England,193cm,79kg,5,0,0,12,0,22.57,23,0,0,,,,,,,,,,,,,4,171,,,,,,,,,,,,,,,0,2,40,,,112,17,253,0,86,34,11,7
3670,1990-05-03,Daniel Drinkwater,England,178cm,70kg,30,96,0.03,15,1,51.78,65,8,4,0,0,2,78,0,103,187,1,108,11,21,61,0,211,328,354,52,73%,85,50,567,23%,12,0,0,3,69,20%,,,,,,,,,,,,,
10517,1994-07-23,Stephen Kingsley,Scotland,,,4,4,0,3,0,28.67,9,1,0,0,0,0,31,0,6,12,0,34,1,0,15,0,15,34,25,9,58%,11,9,39,35%,0,,,,,,1,1,9,0,0,,,,,,,,
4549,1989-08-16,Moussa Sissoko,France,187cm,83kg,43,169,0.09,57,2,37.87,122,17,21,1,0,10,368,2,106,169,14,89,27,38,50,1,143,725,"1,013",161,83%,253,276,708,24%,54,0,0,11,157,33%,,,,,,,,,,,,,
5937,1988-10-29,Florin Gardos,Romania,193cm,84kg,8,8,0,1,0,26.55,11,0,1,0,0,0,0,0,13,20,0,37,0,1,17,0,17,43,20,22,85%,3,0,36,0%,0,,,,,,0,1,3,0,0,,,,,,,,
8245,1992-07-23,Danny Ings,England,178cm,73kg,8,30,0.32,20,0,19.39,41,4,7,5,4,4,47,3,21,29,21,13,6,25,7,,,,,,,,,,,,1,0,8,107,36%,,,,,,,,,,,,,
10079,1992-04-19,Nick Pope,England,191cm,76kg,0,0,0,0,0,0,0,0,0,,,,,,,,,,,,,0,0,,,,,,,,,,,,,,,0,0,0,,,0,0,0,0,0,0,0,0
10651,1997-05-23,Joseph Gomez,England,188cm,77kg,2,9,0,2,0,44.4,5,1,3,0,0,0,7,0,12,12,0,18,0,0,9,0,9,24,33,9,83%,9,2,29,14%,1,,,,,,0,3,5,0,0,,,,,,,,
4541,1995-05-02,Adnan Januzaj,Belgium,180cm,75kg,24,57,0.09,18,1,19.16,56,3,8,0,2,3,168,2,26,37,5,22,8,31,7,0,45,251,299,17,81%,50,100,161,26%,13,0,0,1,84,24%,,,,,,,,,,,,,
5490,1987-03-31,Nordin Amrabat,Morocco,178cm,77kg,4,29,18,9,1,16.06,18,1,3,0,0,0,72,0,12,17,2,6,2,4,2,0,11,73,106,2,71%,12,25,66,18%,4,0,0,1,11,45%,,,,,,,,,,,,,
10460,1990-08-08,Abel Hernández,Uruguay,185cm,70kg,6,25,0.16,17,0,12.19,32,2,2,2,3,0,7,2,5,15,23,3,2,11,0,,,,,,,,,,,,1,0,6,62,40%,,,,,,,,,,,,,
12463,1989-02-23,Jérémy Pied,France,173cm,69kg,0,1,0,0,0,15,1,0,0,0,0,0,6,0,0,0,0,0,0,1,0,0,0,0,1,0,0%,0,0,1,17%,0,,,,,,0,0,0,0,0,,,,,,,,
4252,1993-08-15,Alex Oxlade-Chamberlain,England,180cm,70kg,57,45,0.08,24,0,22.51,105,7,5,0,1,7,228,5,76,98,8,34,13,47,7,2,115,404,386,35,80%,47,208,288,20%,25,0,0,7,128,23%,,,,,,,,,,,,,
13511,1991-02-10,Roberto Firmino,Brazil,181cm,76kg,19,36,0.35,9,0,35.14,37,7,1,2,4,7,49,4,20,74,18,12,13,23,7,,,,,,,,,,,,0,0,6,80,40%,,,,,,,,,,,,,
4636,1985-11-07,Geoff Cameron,United States,191cm,84kg,44,107,2,51,1,33.03,134,3,16,0,1,1,265,0,279,363,4,412,11,18,211,0,211,777,567,227,77%,126,124,710,18%,6,,,,,,0,26,167,4,0,,,,,,,,
15759,1996-04-15,Edimilson Fernandes,Switzerland,190cm,70kg,0,0,1,1,0,11,1,0,0,0,0,0,0,0,1,0,0,0,0,0,0,0,1,0,0,0,0%,0,0,2,0%,0,0,0,0,0,0%,,,,,,,,,,,,,
2611,1984-07-03,Mathieu Flamini,France,178cm,67kg,99,130,0.06,27,1,28.34,170,8,27,0,2,7,52,0,189,220,6,264,0,27,83,4,258,419,349,89,67%,57,34,464,25%,6,0,0,2,91,30%,,,,,,,,,,,,,
10800,1989-09-30,Nsue,Equatorial Guinea,182cm,75kg,1,4,4,1,0,39,4,0,0,0,0,0,5,0,6,3,0,17,0,2,6,0,7,13,14,6,67%,3,1,13,5%,0,0,0,0,2,2%,,,,,,,,,,,,,
4395,1989-04-22,James McClean,Ireland,180cm,70kg,27,100,0.1,38,1,19.44,100,8,14,2,5,3,513,0,97,222,12,101,10,29,33,0,51,530,712,115,75%,193,100,363,21%,3,0,1,11,115,37%,,,,,,,,,,,,,
4852,1987-03-01,Adrián,Spain,190cm,80kg,34,4,0,36,2,24.45,97,0,6,,,,,,,,,,,,,6,790,,,,,,,,,,,,,,,0,24,130,,,339,42,912,5,403,127,80,48
3920,1993-03-15,Paul Pogba,France,191cm,84kg,5,13,0.11,2,0,52.33,9,0,1,1,0,0,9,2,12,14,0,10,2,3,5,0,31,60,40,12,71%,8,20,48,9%,3,0,0,3,25,20%,,,,,,,,,,,,,
3564,1989-11-18,Marc Albrighton,England,175cm,67kg,52,111,0.07,51,0,19.24,148,19,17,0,2,9,"1,003",4,169,268,11,86,34,49,12,0,174,571,664,34,78%,119,157,660,22%,8,0,0,11,152,32%,,,,,,,,,,,,,
4287,1988-04-28,Juan Mata,Spain,170cm,63kg,92,97,0.24,41,1,47.11,174,41,11,2,33,6,823,8,102,145,64,45,51,77,4,0,484,464,689,13,73%,43,130,807,23%,70,2,6,21,274,37%,,,,,,,,,,,,,
3779,1991-04-25,Callum McManaman,England,174cm,74kg,9,18,0.04,23,0,7.85,46,2,4,0,1,1,59,0,12,31,3,14,3,7,5,0,6,108,93,5,90%,11,44,46,14%,1,0,0,0,28,29%,,,,,,,,,,,,,
4007,1989-10-21,Sam Vokes,Wales,186cm,90kg,6,12,0.03,19,0,11.67,33,0,1,0,0,1,1,0,5,9,10,8,0,10,7,,,,,,,,,,,,0,0,1,38,26%,,,,,,,,,,,,,
11284,1993-11-11,Arthur Masuaku,France,179cm,70kg,1,8,0,4,0,42.2,5,1,1,0,0,0,12,0,18,19,0,8,1,0,6,0,20,45,30,9,68%,6,12,39,25%,0,,,,,,0,1,13,1,1,,,,,,,,
13561,1998-02-01,Timothy Fosu-Mensah,Netherlands,190cm,78kg,6,2,0,2,0,15.88,8,1,1,0,0,0,2,0,13,12,0,13,1,1,4,0,4,18,11,2,92%,5,2,16,2%,1,,,,,,0,1,1,2,0,,,,,,,,
10422,1994-09-09,Matt Macey,England,198cm,81kg,0,0,0,0,0,0,0,0,0,,,,,,,,,,,,,0,0,,,,,,,,,,,,,,,0,0,0,,,0,0,0,0,0,0,0,0
3388,1982-03-17,Steven Pienaar,South Africa,173cm,69kg,82,263,0.1,51,3,38.73,203,32,37,1,3,15,562,5,349,347,19,122,21,93,27,0,301,"1,103","1,171",55,79%,157,208,"1,129",21%,130,0,1,9,273,30%,,,,,,,,,,,,,
4335,1992-09-09,Ezekiel Fryers,England,183cm,75kg,8,3,0,2,0,24.55,11,1,0,0,0,0,15,0,7,15,0,12,2,1,8,1,16,25,17,5,67%,7,1,28,47%,1,,,,,,0,2,6,0,0,,,,,,,,
10957,1989-06-16,Odion Ighalo,Nigeria,188cm,70kg,14,55,0.36,19,0,19.45,44,4,5,1,3,12,17,2,18,33,27,27,1,28,15,,,,,,,,,,,,0,0,20,125,42%,,,,,,,,,,,,,
11272,1995-05-12,Anthony Martial,France,181cm,76kg,17,41,0.32,11,0,27.95,37,6,2,1,4,7,58,1,10,23,17,18,9,15,8,,,,,,,,,,,,0,0,3,64,42%,,,,,,,,,,,,,
13103,1998-01-04,William Mannion,England,,,0,0,0,0,0,0,0,0,0,,,,,,,,,,,,,0,0,,,,,,,,,,,,,,,0,0,0,,,0,0,0,0,0,0,0,0
4844,1989-02-08,Nacer Chadli,Belgium,189cm,80kg,47,66,0.2,23,0,25.14,92,12,6,1,4,13,117,2,36,65,16,60,17,33,38,0,91,269,399,83,77%,117,78,268,20%,6,1,0,12,125,32%,,,,,,,,,,,,,
13285,1996-08-02,Kenedy,Brazil,182cm,77kg,4,7,0.07,6,0,19.8,15,0,0,0,1,0,13,0,13,14,2,6,1,3,1,0,7,55,55,6,50%,8,27,48,8%,2,0,0,0,13,23%,,,,,,,,,,,,,
3156,1988-03-01,Jonny Evans,Northern Ireland,188cm,77kg,108,138,5,38,2,44.05,183,5,23,2,0,3,40,2,392,327,1,"1,275",4,13,469,4,687,873,499,352,74%,236,54,946,35%,8,,,,,,3,60,160,3,3,,,,,,,,
5365,1990-01-10,Jan Kirchhoff,Germany,195cm,90kg,4,26,19,7,0,36.11,19,0,1,0,0,0,6,0,42,60,0,56,0,5,25,0,43,132,126,44,78%,50,12,129,33%,1,0,0,0,10,20%,,,,,,,,,,,,,
13477,1999-05-22,Josh Tymon,England,178cm,74kg,0,0,0,0,0,0,0,0,0,0,0,0,0,0,0,0,0,0,0,0,0,0,0,0,0,0,0%,0,0,0,0%,0,,,,,,0,0,0,0,0,,,,,,,,
2681,1985-07-01,Wayne Routledge,England,170cm,64kg,77,197,0.05,115,1,20.04,260,28,10,0,2,11,688,1,125,215,62,93,23,45,20,0,193,642,"1,132",44,80%,192,190,731,22%,41,0,0,9,152,36%,,,,,,,,,,,,,
2053,1984-08-18,Robert Huth,Germany,191cm,80kg,111,317,19,95,2,16.84,295,6,62,9,1,8,24,8,486,442,8,"2,159",5,63,737,5,347,"1,309",821,647,78%,355,34,808,17%,5,,,,,,1,69,292,8,1,,,,,,,,
4601,1980-02-20,Artur Boruc,Poland,193cm,89kg,32,1,0,30,0,23.22,88,1,4,,,,,,,,,,,,,9,485,,,,,,,,,,,,,,,0,28,116,,,212,28,662,4,461,111,76,37
1353,1980-07-12,John Terry,England,187cm,90kg,306,202,40,74,6,30.17,487,12,69,17,4,5,24,6,419,447,11,"1,848",5,36,689,5,821,"1,356",665,698,77%,317,23,"1,248",25%,14,,,,,,4,130,246,15,7,,,,,,,,
5713,1984-06-27,José Holebas,Greece,184cm,77kg,2,18,1,9,0,35.61,18,1,6,0,1,0,57,0,43,38,0,59,0,11,21,1,33,117,90,36,71%,10,31,122,18%,0,,,,,,0,1,29,0,0,,,,,,,,
4248,1992-08-02,Carl Jenkinson,England,185cm,77kg,40,55,3,24,3,31.81,89,5,6,0,1,2,312,0,72,122,1,241,6,7,105,3,155,243,260,60,72%,73,37,312,16%,3,,,,,,1,18,86,4,0,,,,,,,,
10480,1989-07-22,Daryl Janmaat,Netherlands,185cm,80kg,19,61,3,39,2,37.85,72,11,11,0,1,2,266,1,135,192,7,182,12,20,76,0,159,352,294,67,77%,70,66,353,20%,5,,,,,,0,11,122,1,0,,,,,,,,
9117,1993-01-15,Ben Gibson,England,185cm,78kg,1,1,1,3,0,46,7,0,0,1,0,0,0,0,10,11,0,34,0,0,23,0,25,25,8,10,73%,6,1,22,0%,0,,,,,,0,1,10,0,0,,,,,,,,
9163,1996-03-17,Brendan Galloway,England,188cm,87kg,7,17,0,6,0,25.6,20,1,3,0,0,0,20,0,28,62,0,44,1,4,9,0,14,121,79,11,66%,17,13,89,20%,0,,,,,,0,3,25,0,1,,,,,,,,
2517,1985-06-28,Phil Bardsley,Scotland,180cm,74kg,76,228,7,105,1,31.03,235,4,54,0,1,6,549,2,317,602,5,858,9,49,273,3,448,"1,096",731,194,79%,192,90,889,19%,16,,,,,,3,48,288,7,7,,,,,,,,
4487,1989-09-06,Matthew Lowton,England,180cm,78kg,20,62,2,41,0,32.7,79,6,19,0,1,1,163,0,174,181,0,310,11,4,95,0,178,331,273,70,72%,60,43,260,20%,11,,,,,,0,11,124,1,2,,,,,,,,
7946,1996-06-28,Demarai Gray,England,179cm,66kg,8,4,16,2,0,7.5,16,1,0,0,0,0,18,0,6,7,0,2,2,3,1,0,4,26,31,1,100%,3,13,24,33%,0,0,0,1,8,38%,,,,,,,,,,,,,
13123,1998-01-17,Jeff Reine-Adelaide,France,184cm,75kg,0,0,0,0,0,0,0,0,0,0,0,0,0,0,0,0,0,0,0,0,0,,,,,,,,,,,,0,0,0,0,0%,,,,,,,,,,,,,
10473,1995-04-27,Paddy McNair,Northern Ireland,183cm,72kg,14,14,0,11,0,32.17,29,0,2,0,0,0,13,0,33,37,1,86,0,1,47,0,68,77,85,29,73%,31,4,87,15%,0,,,,,,1,0,25,0,0,,,,,,,,
13794,1996-10-12,Rees Greenwood,England,173cm,68kg,0,1,1,0,0,23,1,0,0,0,0,0,2,0,2,1,0,0,0,0,0,0,1,2,3,0,100%,1,1,2,2%,0,0,0,0,0,0%,,,,,,,,,,,,,
16622,1992-08-25,Borja Bastón,Spain,191cm,82kg,0,0,3,3,0,12,3,0,0,0,0,0,2,0,1,1,1,3,0,0,3,,,,,,,,,,,,0,0,2,3,3%,,,,,,,,,,,,,
3901,1990-07-11,Daniel Ayala,Spain,190cm,81kg,6,17,1,6,0,30.56,16,0,4,1,0,0,4,0,19,30,1,101,0,0,40,0,45,58,48,25,63%,17,1,55,25%,1,,,,,,1,4,13,0,0,,,,,,,,
4504,1990-02-18,Bryan Oviedo,Costa Rica,172cm,69kg,17,41,2,13,0,22.24,46,4,7,0,1,1,131,0,37,90,4,67,6,7,27,0,50,158,137,12,82%,25,22,139,24%,3,,,,,,1,6,30,0,0,,,,,,,,
3658,1989-01-14,Adam Clayton,England,175cm,75kg,1,10,6,3,0,42.33,6,0,1,0,0,0,0,0,7,21,0,5,0,1,1,0,21,34,32,6,67%,2,2,27,0%,0,0,0,0,4,4%,,,,,,,,,,,,,
13491,1996-12-21,Ben Chilwell,England,178cm,76kg,0,0,0,0,0,0,0,0,0,0,0,0,0,0,0,0,0,0,0,0,0,0,0,0,0,0,0%,0,0,0,0%,0,,,,,,0,0,0,0,0,,,,,,,,
13795,1989-06-23,Kristoffer Nordfeldt,Sweden,190cm,85kg,0,0,0,0,0,25,1,0,0,,,,,,,,,,,,,0,12,,,,,,,,,,,,,,,0,0,1,,,4,0,12,0,4,0,0,0
4183,1987-09-09,Ahmed Elmohamady,Egypt,180cm,81kg,39,120,5,64,1,36.62,138,10,8,3,0,2,756,4,197,217,10,248,14,16,109,1,220,798,726,363,79%,355,113,700,21%,6,,,,,,0,24,158,0,5,,,,,,,,
4408,1993-04-24,Ben Davies,Wales,181cm,76kg,39,78,3,35,0,41.79,105,6,15,0,3,0,283,1,182,222,1,385,5,10,179,0,183,510,479,171,75%,202,44,372,19%,3,,,,,,0,22,123,2,1,,,,,,,,
4105,1994-12-12,Nathaniel Chalobah,England,185cm,75kg,1,5,5,4,0,12,5,0,1,0,0,0,0,0,2,0,0,1,0,0,0,0,2,1,10,0,0%,1,0,7,0%,0,0,0,0,1,1%,,,,,,,,,,,,,
3956,1988-11-11,Kyle Naughton,England,175cm,73kg,50,92,0,41,3,42.46,118,6,17,0,0,0,234,2,195,287,0,395,10,18,145,2,257,553,426,149,74%,104,47,456,22%,5,,,,,,0,20,143,1,3,,,,,,,,
5208,1992-10-14,Ahmed Musa,Nigeria,170cm,62kg,1,4,4,2,0,14,4,0,0,0,0,0,3,0,2,0,0,0,2,1,0,,,,,,,,,,,,0,0,1,4,25%,,,,,,,,,,,,,
7488,1996-02-02,Harry Winks,England,178cm,65kg,1,0,2,0,0,3.5,2,0,0,0,0,0,0,0,0,0,0,0,0,0,0,0,0,2,2,1,0%,0,1,1,0%,0,0,0,0,0,0%,,,,,,,,,,,,,
4617,1994-01-11,James Ward-Prowse,England,173cm,66kg,46,70,0.04,36,1,24.96,112,13,8,0,1,3,390,2,74,81,1,79,17,30,39,0,144,180,316,40,80%,91,20,318,29%,12,2,1,3,91,31%,,,,,,,,,,,,,
4656,1989-01-24,Ki Sung-yueng,South Korea,187cm,79kg,36,93,0.1,55,0,47.04,124,5,14,2,4,6,97,2,149,154,8,149,7,31,81,0,447,443,407,106,79%,113,64,629,31%,19,1,0,6,132,36%,,,,,,,,,,,,,
10540,1989-12-24,Diafra Sakho,Senegal,184cm,79kg,19,46,0.34,12,0,15.59,44,3,5,6,2,7,67,2,24,35,35,39,6,25,31,,,,,,,,,,,,0,0,14,113,35%,,,,,,,,,,,,,
2338,1986-08-20,Andrew Surman,England,180cm,73kg,21,54,0.05,40,0,47.21,81,3,6,1,1,2,119,2,151,96,0,111,0,25,45,0,298,219,277,63,66%,84,26,372,26%,19,0,0,4,73,19%,,,,,,,,,,,,,
4748,1988-09-08,Willian,Brazil,175cm,75kg,55,85,0.13,18,1,40.1,102,11,12,0,2,11,511,5,51,134,13,20,20,44,7,1,274,512,493,27,75%,97,201,468,27%,20,0,2,6,172,34%,,,,,,,,,,,,,
4786,1984-02-10,Eldin Jakupovic,Switzerland,188cm,78kg,2,0,0,4,0,29.67,9,0,0,,,,,,,,,,,,,1,70,,,,,,,,,,,,,,,0,2,12,,,34,5,92,1,23,6,4,4
3547,1992-01-01,Jack Wilshere,England,172cm,68kg,63,132,0.06,29,2,44.19,123,12,26,1,4,2,215,8,125,173,9,38,23,28,5,1,267,641,592,34,76%,42,225,654,17%,133,0,0,10,99,34%,,,,,,,,,,,,,
4838,1988-10-12,Wilfried Bony,Cote D'Ivoire,182cm,84kg,39,95,0.33,34,1,20.69,94,10,8,7,4,20,7,7,14,31,43,119,13,60,90,,,,,,,,,,,,5,0,18,264,35%,,,,,,,,,,,,,
3653,1986-10-04,Vincent Kompany,Belgium,190cm,85kg,131,267,13,46,3,47.41,220,7,42,7,1,4,25,3,473,499,1,"1,372",9,36,482,2,882,"1,073",660,384,77%,185,90,"1,254",24%,28,,,,,,3,79,192,6,2,,,,,,,,
4291,1993-05-09,Patrick Bamford,England,185cm,71kg,2,9,15,10,0,6.33,15,0,0,0,0,0,4,1,2,5,4,3,0,3,1,,,,,,,,,,,,0,0,1,11,36%,,,,,,,,,,,,,
8389,1991-12-13,Tendayi Darikwa,England,187cm,77kg,0,0,0,0,0,0,0,0,0,0,0,0,0,0,0,0,0,0,0,0,0,0,0,0,0,0,0%,0,0,0,0%,0,,,,,,0,0,0,0,0,,,,,,,,
3929,1989-10-29,Joel Ward,England,180cm,80kg,38,113,3,48,0,31.43,113,4,12,1,1,1,254,1,233,293,2,497,7,22,272,1,196,734,486,247,87%,141,70,598,18%,2,,,,,,0,26,143,0,2,,,,,,,,
3807,1987-02-14,Scott Dann,England,188cm,76kg,53,114,13,66,0,27.46,165,8,28,9,1,3,19,5,286,256,8,"1,251",7,19,496,4,525,781,516,438,62%,318,31,542,26%,3,,,,,,5,37,226,5,5,,,,,,,,
19621,1991-03-29,Marten de Roon,Netherlands,185cm,76kg,0,11,5,3,0,39.2,5,0,1,0,0,0,1,0,4,12,0,8,0,3,4,0,11,19,36,6,58%,7,0,23,1%,1,0,0,0,3,3%,,,,,,,,,,,,,
4634,1993-10-03,Jack Butland,England,192cm,95kg,14,1,0,14,0,27.51,37,0,0,,,,,,,,,,,,,0,298,,,,,,,,,,,,,,,0,12,46,,,125,14,335,0,140,44,41,15
4606,1983-12-22,José Fonte,Portugal,187cm,81kg,56,109,7,51,1,49.4,143,2,22,6,0,1,45,3,322,251,1,990,5,17,408,4,594,633,383,318,74%,189,13,700,24%,6,,,,,,0,47,159,8,1,,,,,,,,
3600,1988-11-10,Seamus Coleman,Ireland,178cm,67kg,74,134,15,52,1,30.91,184,14,22,4,5,6,505,3,212,339,21,345,21,41,169,1,209,877,817,84,81%,138,258,803,22%,11,,,,,,3,46,180,6,0,,,,,,,,
10508,1996-07-18,Max Stryjek,Poland,188cm,81kg,0,0,0,0,0,0,0,0,0,,,,,,,,,,,,,0,0,,,,,,,,,,,,,,,0,0,0,,,0,0,0,0,0,0,0,0
10524,1995-01-31,Jack Rose,England,190cm,75kg,0,0,0,0,0,0,0,0,0,,,,,,,,,,,,,0,0,,,,,,,,,,,,,,,0,0,0,,,0,0,0,0,0,0,0,0
4664,1986-12-26,Hugo Lloris,France,188cm,73kg,78,2,0,30,0,22.84,141,0,2,,,,,,,,,,,,,8,774,,,,,,,,,,,,,,,0,47,163,,,362,117,"1,059",2,664,154,171,64
10525,1996-10-08,Alex Palmer,England,183cm,72kg,0,0,0,0,0,0,0,0,0,,,,,,,,,,,,,0,0,,,,,,,,,,,,,,,0,0,0,,,0,0,0,0,0,0,0,0
5271,1984-01-08,Bastian Schweinsteiger,Germany,183cm,79kg,10,19,0.06,2,0,59.28,18,0,3,1,0,0,7,0,23,36,0,16,0,3,9,0,64,81,88,16,69%,22,13,106,29%,2,0,0,1,12,25%,,,,,,,,,,,,,
8994,1993-07-28,Moses Odubajo,England,177cm,72kg,0,0,0,0,0,0,0,0,0,0,0,0,0,0,0,0,0,0,0,0,0,0,0,0,0,0,0%,0,0,0,0%,0,0,0,0,0,0%,,,,,,,,,,,,,
2579,1986-01-24,Michael Kightly,England,173cm,71kg,12,58,0.1,35,0,15.8,71,4,12,0,4,3,267,0,43,89,8,23,6,22,7,0,43,195,348,15,74%,39,38,221,25%,9,0,0,5,67,31%,,,,,,,,,,,,,
3066,1983-01-24,Shaun Maloney,Scotland,173cm,69kg,28,53,0.18,33,0,29.61,83,12,7,0,1,14,206,3,62,84,18,36,15,28,7,1,85,286,337,11,79%,52,52,220,24%,22,2,4,5,128,41%,,,,,,,,,,,,,
20095,1998-04-07,Aiden O'Neill,Australia,178cm,70kg,1,0,2,1,0,16.5,2,0,0,0,0,0,1,0,0,1,0,0,0,1,0,0,2,2,2,1,1%,1,0,4,1%,0,0,0,0,1,1%,,,,,,,,,,,,,
4074,1991-03-13,Matt Phillips,Scotland,185cm,75kg,14,34,0.07,32,0,16.46,59,13,1,2,0,2,266,1,30,56,6,37,12,23,15,0,33,220,354,49,71%,92,88,216,24%,7,0,0,5,84,27%,,,,,,,,,,,,,
4845,1992-02-14,Christian Eriksen,Denmark,175cm,71kg,55,45,0.22,24,0,50.25,104,25,9,1,6,16,593,10,87,131,1,58,31,83,22,0,207,349,522,52,82%,87,111,547,21%,44,0,6,12,263,37%,,,,,,,,,,,,,
2997,1985-03-15,Curtis Davies,England,188cm,76kg,46,81,7,70,0,19.75,153,3,13,5,0,0,11,3,311,245,0,"1,263",3,6,603,1,190,726,402,386,78%,233,26,328,9%,0,,,,,,1,27,159,7,3,,,,,,,,
10520,1992-10-13,Modou Barrow,Gambia,176cm,63kg,11,14,0.02,19,0,9.85,40,4,1,0,1,0,70,0,15,35,5,12,2,6,3,,,,,,,,,,,,0,0,0,20,25%,,,,,,,,,,,,,
1404,1979-10-15,Paul Robinson,England,195cm,92kg,123,2,1,158,1,12.8,372,4,3,,,,,,,,,,,,,12,"1,424",,,,,,,,,,,,,,,0,43,333,,,552,137,"1,924",1,510,231,67,144
13565,1997-10-31,Marcus Rashford,England,180cm,70kg,8,7,0.5,5,0,18.69,16,2,1,1,1,6,19,0,3,10,4,10,2,9,3,,,,,,,,,,,,0,0,4,26,46%,,,,,,,,,,,,,
2417,1987-04-05,Cesc Fàbregas,Spain,175cm,74kg,162,230,0.15,54,2,54.29,287,96,58,1,4,33,"1,073",12,255,561,18,184,44,143,38,0,"1,145","1,193","1,244",86,74%,144,221,"1,130",24%,333,5,2,11,476,36%,,,,,,,,,,,,,
3799,1989-11-21,Fabian Delph,England,174cm,60kg,41,97,0.04,60,1,42.47,131,5,22,0,5,0,166,5,218,293,1,143,4,28,29,3,370,739,535,81,74%,108,198,697,25%,12,0,0,3,121,23%,,,,,,,,,,,,,
9566,1993-05-03,Harry Maguire,England,188cm,79kg,1,4,0,5,0,15.83,6,1,1,0,0,0,1,0,12,7,0,13,0,0,10,0,6,26,16,9,100%,6,6,18,1%,0,,,,,,0,0,9,0,0,,,,,,,,
19603,1996-08-02,Lys Mousset,France,184cm,80kg,0,0,0,0,0,0,0,0,0,0,0,0,0,0,0,0,0,0,0,0,0,,,,,,,,,,,,0,0,0,0,0%,,,,,,,,,,,,,
2011,1982-09-11,Boaz Myhill,Wales,191cm,91kg,29,3,0,55,0,22.61,117,0,6,,,,,,,,,,,,,5,888,,,,,,,,,,,,,,,0,23,202,,,393,87,"1,203",2,376,159,57,81
3955,1990-05-28,Kyle Walker,England,178cm,70kg,91,151,5,35,0,44.97,172,15,29,0,0,5,498,2,376,428,10,588,13,33,235,6,483,975,706,251,80%,176,145,968,20%,23,,,,,,1,48,187,4,2,,,,,,,,
4679,1992-12-19,Raphael Spiegel,Switzerland,197cm,89kg,0,0,0,0,0,0,0,0,0,,,,,,,,,,,,,0,0,,,,,,,,,,,,,,,0,0,0,,,0,0,0,0,0,0,0,0
9468,1989-05-07,Charlie Austin,England,188cm,84kg,13,44,0.44,26,1,18.17,48,6,4,6,3,12,47,4,11,31,40,51,4,54,30,,,,,,,,,,,,3,0,19,150,41%,,,,,,,,,,,,,
13985,1996-04-13,Marko Grujic,Serbia,190cm,75kg,1,1,2,1,0,9.5,2,0,0,0,0,0,0,0,0,0,0,0,0,0,0,0,0,4,1,1,0%,0,2,0,0%,0,0,0,0,2,50%,,,,,,,,,,,,,
3719,1981-02-15,Heurelho Gomes,Brazil,191cm,91kg,57,8,0,46,0,17.98,140,0,12,,,,,,,,,,,,,16,770,,,,,,,,,,,,,,,0,42,167,,,462,214,"1,358",8,918,254,69,93
2664,1979-05-18,Julian Speroni,Argentina,186cm,87kg,24,0,0,42,0,20.31,81,0,1,,,,,,,,,,,,,4,524,,,,,,,,,,,,,,,0,18,101,,,216,18,699,2,146,143,121,40
4413,1990-03-14,Joe Allen,Wales,168cm,62kg,57,112,0.07,41,1,44.25,134,3,11,1,2,7,88,0,208,337,1,102,7,34,33,1,380,635,547,45,74%,80,95,779,32%,17,0,0,6,100,30%,,,,,,,,,,,,,
2047,1983-09-20,Jonathan Walters,Ireland,183cm,79kg,69,210,0.18,85,1,21.53,213,17,25,8,3,28,345,7,96,150,114,224,21,55,101,,,,,,,,,,,,10,0,34,286,37%,,,,,,,,,,,,,
2905,1988-04-23,Victor Anichebe,Nigeria,185cm,80kg,65,157,0.12,60,1,12.5,187,13,15,7,8,7,158,5,46,81,58,63,11,75,36,,,,,,,,,,,,0,0,16,236,33%,,,,,,,,,,,,,
8174,1986-07-26,Leonardo Ulloa,Argentina,190cm,80kg,30,89,0.24,23,0,19,71,5,3,5,2,9,32,2,22,79,19,60,6,12,44,,,,,,,,,,,,3,0,15,83,34%,,,,,,,,,,,,,
4396,1993-03-31,Connor Wickham,England,191cm,90kg,26,131,0.15,50,0,18.37,104,5,10,4,4,8,110,6,51,91,24,103,4,55,59,,,,,,,,,,,,1,0,10,177,29%,,,,,,,,,,,,,
4527,1995-08-12,Jordon Ibe,England,176cm,81kg,21,16,0.02,14,0,19.4,48,3,0,0,1,0,108,4,12,17,3,3,1,17,1,0,17,156,183,6,88%,14,100,145,18%,4,0,0,1,49,22%,,,,,,,,,,,,,
3744,1984-12-14,Chris Brunt,Northern Ireland,185cm,84kg,60,202,0.1,93,0,35.41,212,39,40,2,19,0,"1,316",11,321,364,15,351,38,103,140,2,550,743,857,232,74%,244,73,958,28%,67,3,4,11,369,22%,,,,,,,,,,,,,
4030,1985-10-09,Laurent Koscielny,France,186cm,75kg,110,161,17,33,4,43.16,186,2,23,6,0,11,29,2,539,328,5,"1,112",3,10,463,2,454,953,604,462,72%,325,43,"1,104",21%,7,,,,,,2,72,173,21,1,,,,,,,,
4398,1983-10-20,Michel Vorm,Netherlands,183cm,84kg,31,2,0,37,1,22.55,97,0,5,,,,,,,,,,,,,7,470,,,,,,,,,,,,,,,0,30,126,,,308,46,855,3,551,130,26,48
4763,1989-05-24,Yannick Bolasie,Congo,188cm,84kg,34,116,0.09,40,1,18.36,96,15,8,1,2,6,500,8,41,134,42,95,22,47,51,,,,,,,,,,,,0,0,5,184,33%,,,,,,,,,,,,,
7219,1992-05-07,Alberto Moreno,Spain,170cm,65kg,28,67,3,19,0,37.43,63,4,10,0,3,0,202,1,96,147,10,99,4,17,28,2,136,262,207,27,75%,29,30,246,24%,2,,,,,,0,13,72,2,0,,,,,,,,
2982,1986-07-01,Grant Leadbitter,England,174cm,68kg,14,46,0.06,38,0,19.4,67,4,9,0,1,3,171,1,64,74,5,51,0,22,1,1,70,161,175,24,69%,25,26,228,22%,5,0,0,0,83,29%,,,,,,,,,,,,,
3926,1992-01-15,Joshua King,Norway,185cm,83kg,9,47,0.22,20,0,15.11,37,2,1,0,0,8,27,1,12,40,16,21,7,18,14,,,,,,,,,,,,0,0,2,63,41%,,,,,,,,,,,,,
4968,1986-02-04,Ibrahim Afellay,Netherlands,180cm,76kg,13,19,0.06,11,1,41.1,31,2,3,1,0,1,68,0,11,27,2,12,3,10,5,0,68,117,110,14,81%,16,41,162,16%,3,0,0,1,39,21%,,,,,,,,,,,,,
4331,1993-03-25,Sam Johnstone,England,193cm,85kg,0,0,0,0,0,0,0,0,0,,,,,,,,,,,,,0,0,,,,,,,,,,,,,,,0,0,0,,,0,0,0,0,0,0,0,0
20870,1993-03-25,Keelan O'Connell,England,,,0,0,0,0,0,0,0,0,0,0,0,0,0,0,0,0,0,0,0,0,0,0,0,0,0,0,0%,0,0,0,0%,0,0,0,0,0,0%,,,,,,,,,,,,,
3175,1989-06-01,Andy Carroll,England,193cm,79kg,57,238,0.26,66,1,22.21,166,17,22,21,18,4,88,10,64,86,57,232,22,79,114,,,,,,,,,,,,2,1,42,433,33%,,,,,,,,,,,,,
4123,1987-07-16,Mousa Dembélé,Belgium,185cm,82kg,88,267,0.06,43,0,42.55,176,11,19,0,10,0,63,6,193,437,14,124,12,64,50,0,303,"1,206",975,158,82%,171,383,916,19%,24,0,1,9,180,32%,,,,,,,,,,,,,
19655,1991-04-17,Mark Birighitti,Australia,189cm,84kg,0,0,0,0,0,0,0,0,0,,,,,,,,,,,,,0,0,,,,,,,,,,,,,,,0,0,0,,,0,0,0,0,0,0,0,0
4798,1993-02-26,Tiago Ilori,Portugal,190cm,80kg,0,0,0,0,0,0,0,0,0,0,0,0,0,0,0,0,0,0,0,0,0,0,0,0,0,0,0%,0,0,0,0%,0,,,,,,0,0,0,0,0,,,,,,,,
6204,1992-07-25,Markus Henriksen,Norway,187cm,85kg,0,4,2,2,0,5.5,2,0,0,0,0,0,1,0,0,3,0,2,0,1,1,0,0,6,9,2,33%,5,0,1,1%,0,0,0,0,1,1%,,,,,,,,,,,,,
13555,1987-02-22,Sergio Romero,Argentina,192cm,87kg,2,0,0,1,0,28.75,4,0,0,,,,,,,,,,,,,0,22,,,,,,,,,,,,,,,0,3,2,,,7,0,17,0,24,6,3,1
3170,1988-03-17,Fraser Forster,England,201cm,93kg,30,0,0,14,0,24.91,55,0,2,,,,,,,,,,,,,3,464,,,,,,,,,,,,,,,0,22,44,,,120,17,400,0,143,59,15,6
3182,1985-01-31,Adam Federici,Australia,188cm,90kg,5,0,0,17,0,18.66,29,0,0,,,,,,,,,,,,,6,195,,,,,,,,,,,,,,,0,3,57,,,91,24,259,0,57,28,12,15
14190,1996-10-20,Harvey Rodgers,England,,,0,0,0,0,0,0,0,0,0,0,0,0,0,0,0,0,0,0,0,0,0,0,0,0,0,0,0%,0,0,0,0%,0,,,,,,0,0,0,0,0,,,,,,,,
3507,1990-02-07,Danny Rose,England,173cm,72kg,58,163,8,33,2,38.15,121,11,27,1,6,1,369,2,246,310,7,328,15,23,181,2,227,778,542,125,84%,104,119,638,15%,4,,,,,,0,27,123,2,2,,,,,,,,
9595,1990-03-28,Michail Antonio,England,180cm,82kg,12,35,0.39,9,0,21.24,33,3,4,11,1,1,92,2,65,47,15,51,4,18,25,2,36,213,217,59,72%,60,64,155,25%,1,0,0,7,81,36%,,,,,,,,,,,,,
14732,1998-07-10,Trent Alexander-Arnold,England,178cm,,0,0,0,0,0,0,0,0,0,0,0,0,0,0,0,0,0,0,0,0,0,0,0,0,0,0,0%,0,0,0,0%,0,,,,,,0,0,0,0,0,,,,,,,,
4779,1982-09-22,Maarten Stekelenburg,Netherlands,197cm,92kg,13,0,0,21,0,21.56,43,0,2,,,,,,,,,,,,,3,253,,,,,,,,,,,,,,,1,9,67,,,120,24,376,0,165,52,16,16
13792,1998-03-02,Josh Robson,England,180cm,73kg,0,0,0,0,0,0,0,0,0,0,0,0,0,0,0,0,0,0,0,0,0,0,0,0,0,0,0%,0,0,0,0%,0,,,,,,0,0,0,0,0,,,,,,,,
7175,1987-01-12,Giedrius Arlauskis,Lithuania,184cm,80kg,1,0,0,0,0,5,1,0,0,,,,,,,,,,,,,0,2,,,,,,,,,,,,,,,0,0,1,,,0,0,0,0,1,0,1,0
4426,1993-07-09,Kevin Stewart,England,171cm,73kg,7,10,0,1,0,42.73,11,0,1,0,0,0,1,0,15,19,0,15,0,2,6,0,20,47,29,8,74%,5,4,40,1%,0,,,,,,0,1,8,0,0,,,,,,,,
8050,1989-12-28,Harry Arter,Ireland,175cm,73kg,8,28,0.04,11,1,48.68,28,2,7,0,0,1,10,1,34,78,0,14,1,15,2,0,107,144,133,9,81%,6,29,157,40%,7,0,0,0,46,15%,,,,,,,,,,,,,
4816,1991-06-25,Victor Wanyama,Kenya,188cm,76kg,44,183,0.05,27,3,46.73,92,2,23,1,0,4,26,0,168,273,1,176,3,19,84,2,246,645,587,198,80%,187,83,661,4%,4,0,0,1,85,21%,,,,,,,,,,,,,
4503,1991-07-01,Eden Hazard,Belgium,173cm,74kg,83,72,0.3,26,0,48.73,145,30,10,4,9,30,314,3,97,103,31,26,37,76,13,0,289,"1,022",886,54,83%,111,493,683,17%,40,10,0,17,269,42%,,,,,,,,,,,,,
3662,1989-12-02,Ron-Robert Zieler,Germany,188cm,83kg,2,0,0,0,0,24,3,0,0,,,,,,,,,,,,,0,16,,,,,,,,,,,,,,,0,1,5,,,3,1,18,0,1,2,1,0
5239,1992-11-07,Mohamed Elneny,Egypt,180cm,70kg,8,9,15,2,0,56.07,15,2,3,0,0,0,12,0,18,13,0,16,1,9,6,0,21,38,38,6,85%,11,5,66,17%,0,0,0,2,14,14%,,,,,,,,,,,,,
4421,1989-08-09,Gylfi Sigurdsson,Iceland,186cm,79kg,64,90,0.23,54,0,27.19,151,21,10,2,6,26,616,14,153,167,9,73,32,110,21,0,89,417,656,31,74%,127,96,490,25%,62,4,5,14,336,36%,,,,,,,,,,,,,
9030,1994-09-04,Brad Smith,Australia,178cm,70kg,1,10,0,3,1,22.2,5,0,1,0,0,0,15,0,4,11,0,12,0,1,1,0,5,22,26,2,91%,6,4,14,27%,0,,,,,,0,0,5,0,0,,,,,,,,
5861,1989-12-21,Cheikhou Kouyaté,Senegal,189cm,83kg,24,91,0.12,24,1,32.67,72,4,10,4,0,5,51,5,159,188,3,167,2,15,106,1,79,537,412,206,73%,133,56,446,16%,1,0,0,6,81,40%,,,,,,,,,,,,,
8970,1980-09-06,Marcin Wasilewski,Poland,186cm,88kg,10,43,1,15,0,21.97,29,1,8,1,0,0,5,0,78,62,0,183,2,2,101,0,59,145,115,74,69%,54,1,114,20%,0,,,,,,0,6,34,0,0,,,,,,,,
12365,1991-06-27,Jordy Clasie,Netherlands,169cm,66kg,14,21,25,7,0,35.4,25,0,5,0,0,0,20,0,58,49,0,33,0,6,9,0,58,71,105,9,84%,27,4,128,30%,3,0,0,0,16,13%,,,,,,,,,,,,,
2839,1989-03-16,Theo Walcott,England,176cm,68kg,135,68,0.24,54,0,15.98,243,43,5,1,11,46,777,14,103,124,110,54,45,106,14,,,,,,,,,,,,0,0,58,484,43%,,,,,,,,,,,,,
10766,1997-03-02,Lewis Cook,England,175cm,66kg,0,0,1,1,0,28,1,0,0,0,0,0,2,0,0,2,0,1,0,0,0,0,2,3,6,0,100%,2,1,5,2%,0,0,0,0,0,0%,,,,,,,,,,,,,
3734,1983-10-03,Jonas Olsson,Sweden,195cm,85kg,61,170,8,77,1,30.11,196,6,35,3,4,1,10,5,247,185,13,"1,456",9,15,595,7,529,771,558,456,66%,307,18,547,20%,2,,,,,,4,41,278,7,2,,,,,,,,
8897,1989-12-15,Aaron Cresswell,England,170cm,66kg,27,39,4,23,0,36.33,75,8,6,0,4,0,245,3,103,82,8,236,13,12,107,5,252,266,233,94,66%,67,29,337,23%,3,,,,,,0,20,97,0,4,,,,,,,,
3471,1987-08-17,Marc Wilson,Ireland,188cm,80kg,51,170,1,79,2,29.3,177,3,31,0,0,1,162,5,212,355,1,927,2,36,369,3,556,724,595,250,75%,169,66,634,25%,5,,,,,,1,32,203,9,2,,,,,,,,
10420,1988-08-31,David Ospina,Colombia,183cm,80kg,15,0,0,2,0,26.91,22,0,0,,,,,,,,,,,,,1,218,,,,,,,,,,,,,,,0,10,16,,,64,11,160,0,52,41,17,8
10501,1996-03-27,Jake Hesketh,England,168cm,63kg,0,1,2,2,0,9,2,0,1,0,0,0,1,0,0,2,0,0,0,0,0,0,0,2,4,0,50%,1,0,0,1%,0,0,0,0,2,50%,,,,,,,,,,,,,
9762,1994-09-07,Daniel Bachmann,Austria,191cm,81kg,0,0,0,0,0,0,0,0,0,,,,,,,,,,,,,0,0,,,,,,,,,,,,,,,0,0,0,,,0,0,0,0,0,0,0,0
4505,1994-05-28,John Stones,England,188cm,70kg,35,21,1,26,0,44.76,84,0,6,1,0,0,15,0,125,112,1,385,5,3,215,4,316,378,180,156,75%,90,66,381,27%,2,,,,,,0,21,96,4,3,,,,,,,,
4115,1993-05-12,Ross Barkley,England,189cm,76kg,48,87,0.14,37,0,38.52,121,11,13,1,4,12,209,8,52,117,13,59,18,91,51,1,295,670,684,102,73%,115,271,446,22%,41,2,2,16,257,28%,,,,,,,,,,,,,
4898,1990-08-28,Bojan,Spain,170cm,65kg,16,20,0.25,22,0,29.02,48,2,5,1,4,7,106,1,30,44,4,6,4,20,1,,,,,,,,,,,,4,0,2,73,34%,,,,,,,,,,,,,
20875,1990-08-28,Ben Wynter,England,,,0,0,0,0,0,0,0,0,0,0,0,0,0,0,0,0,0,0,0,0,0,0,0,0,0,0,0%,0,0,0,0%,0,,,,,,0,0,0,0,0,,,,,,,,
10556,1997-04-15,Ryan Sweeney,England,,,0,0,0,0,0,0,0,0,0,0,0,0,0,0,0,0,0,0,0,0,0,0,0,0,0,0,0%,0,0,0,0%,0,,,,,,0,0,0,0,0,,,,,,,,
14196,1996-09-18,Josh Clackstone,England,,,0,0,0,0,0,0,0,0,0,0,0,0,0,0,0,0,0,0,0,0,0,0,0,0,0,0,0%,0,0,0,0%,0,0,0,0,0,0%,,,,,,,,,,,,,
2537,1987-06-20,Asmir Begovic,Bosnia And Herzegovina,198cm,83kg,60,3,1,74,0,20.99,188,0,10,,,,,,,,,,,,,17,"1,538",,,,,,,,,,,,,,,0,50,236,,,578,62,"1,777",2,667,347,161,114
4835,1992-03-21,Jordi Amat,Spain,184cm,78kg,18,41,0,17,0,35.86,42,0,9,0,0,0,2,0,79,66,0,188,0,0,82,2,127,139,147,49,71%,76,11,138,2%,0,,,,,,0,4,45,0,0,,,,,,,,
10475,1989-08-14,Ander Herrera,Spain,182cm,70kg,32,64,0.16,14,0,50.14,58,6,12,1,2,6,59,0,85,137,3,48,7,26,12,0,132,272,227,22,71%,20,48,273,27%,22,1,0,2,65,20%,,,,,,,,,,,,,
13822,1987-06-21,Sebastian Prödl,Austria,194cm,92kg,6,31,2,14,0,24.79,28,0,7,1,1,0,1,0,74,34,0,126,0,2,43,0,75,88,86,42,85%,39,0,71,100%,0,,,,,,0,5,39,0,1,,,,,,,,
4472,1986-02-26,Nacho Monreal,Spain,178cm,72kg,69,76,1,16,0,43.96,105,6,9,0,1,0,217,0,264,210,6,344,6,7,173,0,105,515,354,189,73%,143,36,578,16%,6,,,,,,0,40,85,0,2,,,,,,,,
13823,1993-01-01,Abdoulaye Doucouré,France,183cm,75kg,0,0,1,1,0,3,1,0,0,0,0,0,0,0,1,0,0,0,0,0,0,0,0,1,0,0,0%,0,0,1,0%,0,0,0,0,0,0%,,,,,,,,,,,,,
2620,1985-12-19,Gary Cahill,England,193cm,86kg,117,207,21,104,2,30.67,290,9,32,6,4,10,23,5,372,380,2,"2,476",7,51,926,7,637,"1,563",815,917,77%,435,59,"1,134",17%,5,,,,,,1,69,373,18,8,,,,,,,,
6806,1985-05-21,Dusan Kuciak,Slovakia,195cm,89kg,0,0,0,0,0,0,0,0,0,,,,,,,,,,,,,0,0,,,,,,,,,,,,,,,0,0,0,,,0,0,0,0,0,0,0,0
14800,1999-03-08,Brahim Diaz,Spain,,,0,0,0,0,0,0,0,0,0,0,0,0,0,0,0,0,0,0,0,0,0,0,0,0,0,0,0%,0,0,0,0%,0,0,0,0,0,0%,,,,,,,,,,,,,
13549,1997-09-24,Tosin Adarabioyo,England,190cm,80kg,0,0,0,0,0,0,0,0,0,0,0,0,0,0,0,0,0,0,0,0,0,0,0,0,0,0,0%,0,0,0,0%,0,,,,,,0,0,0,0,0,,,,,,,,
15608,1985-10-30,Ragnar Klavan,Estonia,187cm,85kg,2,2,0,1,0,69.67,3,0,0,0,0,0,0,0,2,4,0,12,0,1,9,0,10,18,9,11,75%,4,2,23,0%,1,,,,,,0,0,6,0,0,,,,,,,,
11952,1996-12-01,Callum Buckley,England,175cm,76kg,0,0,0,0,0,0,0,0,0,0,0,0,0,0,0,0,0,0,0,0,0,0,0,0,0,0,0%,0,0,0,0%,0,,,,,,0,0,0,0,0,,,,,,,,
2834,1988-02-03,Vito Mannone,Italy,188cm,80kg,24,0,0,27,0,25.24,75,0,3,,,,,,,,,,,,,10,531,,,,,,,,,,,,,,,0,22,101,,,286,41,679,0,336,113,78,45
6210,1990-10-27,Johann Berg Gudmundsson,Iceland,186cm,78kg,2,0,7,4,0,18.86,7,0,0,0,0,0,22,0,11,9,0,10,0,3,3,0,4,20,18,6,78%,4,4,24,32%,0,0,0,0,7,29%,,,,,,,,,,,,,
10510,1995-11-09,Thomas Robson,England,178cm,75kg,0,0,0,0,0,36,1,0,0,0,0,0,1,0,1,4,0,3,0,0,0,0,3,9,4,2,50%,1,2,5,1%,0,,,,,,0,0,2,0,0,,,,,,,,
15481,1994-06-15,Vincent Janssen,Netherlands,180cm,79kg,5,12,7,0,0,10.57,7,1,0,0,0,0,3,0,0,6,3,1,0,3,1,,,,,,,,,,,,0,0,3,10,30%,,,,,,,,,,,,,
3669,1991-07-22,Matthew James,England,183cm,76kg,8,13,27,14,1,29.96,27,1,2,0,0,0,108,0,50,42,0,38,3,9,22,0,41,120,93,42,88%,33,17,141,29%,1,0,0,3,27,22%,,,,,,,,,,,,,
4163,1993-11-01,Will Keane,England,178cm,78kg,0,0,3,2,0,3.33,3,0,0,0,0,0,0,0,1,0,1,0,0,1,0,,,,,,,,,,,,0,0,0,1,1%,,,,,,,,,,,,,
10428,1997-08-29,Ainsley Maitland-Niles,England,177cm,71kg,1,0,1,0,0,1,1,0,0,0,0,0,0,0,0,0,0,0,0,0,0,0,0,0,0,0,0%,0,0,0,0%,0,0,0,0,0,0%,,,,,,,,,,,,,
10472,1990-03-20,Marcos Rojo,Argentina,187cm,80kg,24,44,0,6,0,53.26,38,1,9,0,0,0,66,0,84,96,2,171,1,7,91,0,144,210,162,87,71%,75,11,208,24%,2,,,,,,0,10,30,0,0,,,,,,,,
4558,1987-07-09,Robert Snodgrass,Scotland,182cm,82kg,19,104,0.2,35,0,32.68,75,8,14,2,12,1,609,5,81,164,14,65,21,50,13,0,69,531,669,100,77%,169,88,293,24%,20,1,5,11,165,36%,,,,,,,,,,,,,
5668,1985-07-17,Miguel Britos,Uruguay,188cm,82kg,11,27,0,13,0,34,29,0,9,0,0,0,3,0,69,34,0,158,0,0,59,1,119,138,88,78,68%,43,7,106,67%,1,,,,,,0,7,36,0,0,,,,,,,,
5102,1989-01-21,Henrikh Mkhitaryan,Armenia,177cm,75kg,3,3,4,1,0,14.25,4,0,0,0,0,0,2,0,3,2,2,0,0,1,0,0,1,9,16,1,50%,2,4,10,2%,0,0,0,0,4,50%,,,,,,,,,,,,,
2805,1983-11-18,Michael Dawson,England,188cm,76kg,108,179,8,82,3,32.92,264,5,47,7,0,1,20,2,401,390,7,"2,227",0,24,783,3,"1,192","1,307",679,762,75%,375,12,645,40%,5,,,,,,1,59,271,8,8,,,,,,,,
8044,1985-02-16,Simon Francis,England,183cm,79kg,13,42,0,21,1,54.24,45,4,6,0,0,0,107,0,96,118,2,257,1,4,149,1,210,298,194,129,75%,77,36,270,24%,0,,,,,,0,8,78,0,2,,,,,,,,
13571,1992-11-03,Carlos De Pena,Uruguay,177cm,74kg,0,0,0,0,0,0,0,0,0,0,0,0,0,0,0,0,0,0,0,0,0,0,0,0,0,0,0%,0,0,0,0%,0,0,0,0,0,0%,,,,,,,,,,,,,
3766,1989-11-26,Junior Stanislas,England,180cm,79kg,15,32,0.15,33,0,23,66,5,5,1,1,8,219,6,54,74,12,33,7,35,7,0,38,168,275,22,69%,68,46,226,17%,18,0,0,2,115,32%,,,,,,,,,,,,,
6058,1988-12-02,Nicolás Otamendi,Argentina,183cm,81kg,19,39,1,9,0,53.56,36,0,11,1,0,0,1,0,127,111,0,242,0,8,142,0,120,273,161,110,69%,64,14,231,1%,2,,,,,,0,11,41,1,2,,,,,,,,
1296,1977-04-06,Alexander Manninger,Austria,189cm,85kg,21,0,0,11,0,39,39,0,0,,,,,,,,,,,,,0,0,,,,,,,,,,,,,,,0,0,0,,,0,0,0,0,0,0,0,0
10444,1990-06-06,Pape Souaré,Senegal,178cm,69kg,16,32,0,22,1,32.09,46,1,7,0,0,0,185,0,105,50,1,147,7,3,39,0,94,152,132,38,74%,38,21,235,18%,0,,,,,,1,8,57,0,0,,,,,,,,
3999,1985-08-20,Stephen Ward,Ireland,184cm,72kg,29,66,4,55,1,34.4,110,3,10,0,4,0,274,3,146,177,20,355,1,16,105,0,165,424,326,125,73%,100,49,348,19%,9,,,,,,0,12,170,3,2,,,,,,,,
10467,1997-04-01,Angelino,Spain,170cm,68kg,0,0,0,0,0,0,0,0,0,0,0,0,0,0,0,0,0,0,0,0,0,0,0,0,0,0,0%,0,0,0,0%,0,,,,,,0,0,0,0,0,,,,,,,,
4916,1989-02-03,Toby Alderweireld,Belgium,186cm,81kg,37,24,5,15,0,49.9,71,2,6,4,1,0,30,1,108,95,1,471,2,16,210,0,435,228,157,105,77%,76,16,324,23%,2,,,,,,0,26,60,1,2,,,,,,,,
3157,1987-04-01,Danny Simpson,England,178cm,74kg,61,129,0,50,1,28.68,151,1,25,0,0,0,356,0,305,280,5,581,8,10,194,1,263,511,503,138,77%,165,36,598,22%,3,,,,,,0,42,186,2,8,,,,,,,,
8945,1993-09-16,Sam Byram,England,180cm,72kg,2,10,0,4,0,21.33,9,0,5,0,0,0,15,0,27,13,2,26,0,0,12,0,10,27,20,8,62%,7,0,34,13%,1,,,,,,0,2,9,0,0,,,,,,,,
7435,1994-12-23,Julien de Sart,Belgium,182cm,68kg,0,0,0,0,0,0,0,0,0,0,0,0,0,0,0,0,0,0,0,0,0,0,0,0,0,0,0%,0,0,0,0%,0,0,0,0,0,0%,,,,,,,,,,,,,
4621,1993-12-01,Lloyd Isgrove,Wales,178cm,72kg,0,0,1,1,0,7,1,0,0,0,0,0,2,0,0,2,0,0,0,0,0,0,2,3,1,0,2%,0,0,1,2%,0,0,0,0,0,0%,,,,,,,,,,,,,
3549,1991-05-13,Francis Coquelin,France,178cm,74kg,45,72,74,13,1,39.39,74,1,14,0,0,0,14,0,203,202,2,111,1,7,55,0,120,423,291,90,77%,56,66,449,36%,17,0,0,1,18,18%,,,,,,,,,,,,,
8052,1994-02-24,Ryan Fraser,Scotland,163cm,70kg,0,3,2,1,0,27.5,2,0,0,0,0,0,10,0,2,0,1,2,0,0,0,0,3,6,5,0,0%,3,1,7,10%,0,0,0,0,2,2%,,,,,,,,,,,,,
4666,1987-04-24,Jan Vertonghen,Belgium,189cm,86kg,66,76,4,29,0,46.66,125,3,24,1,2,1,97,1,283,241,5,859,4,23,422,5,411,674,347,277,81%,139,75,676,20%,9,,,,,,2,39,142,5,0,,,,,,,,
4341,1986-01-14,Yohan Cabaye,France,175cm,71kg,48,139,0.19,43,0,42.34,117,11,29,1,0,21,552,7,314,356,0,106,23,60,12,1,398,497,477,17,71%,28,33,600,26%,68,4,4,8,248,33%,,,,,,,,,,,,,
2949,1988-03-21,Lee Cattermole,England,178cm,76kg,71,412,0.02,107,7,29.26,265,8,85,0,0,5,97,3,524,765,2,329,7,40,113,5,774,"1,180","1,252",154,74%,197,72,"1,126",20%,44,0,0,4,143,20%,,,,,,,,,,,,,
2216,1987-12-05,Darren Randolph,Ireland,188cm,98kg,3,0,0,3,0,25.43,7,0,0,,,,,,,,,,,,,1,59,,,,,,,,,,,,,,,0,2,14,,,15,0,64,0,26,7,4,1
4499,1995-02-18,Nathan Aké,Netherlands,180cm,75kg,14,29,1,13,1,21.97,31,0,4,0,1,0,43,1,80,83,0,75,1,3,27,0,35,141,77,35,67%,26,10,83,12%,0,,,,,,0,7,27,0,1,,,,,,,,
4290,1993-05-13,Romelu Lukaku,Belgium,190cm,94kg,61,116,0.42,55,0,23.11,155,23,8,14,33,17,165,16,8,42,118,46,18,113,35,,,,,,,,,,,,5,1,56,451,44%,,,,,,,,,,,,,
4842,1992-04-03,Erik Lamela,Argentina,183cm,79kg,42,128,0.1,20,0,30.22,83,18,16,1,6,0,264,4,78,183,23,18,20,43,7,0,49,407,564,21,75%,77,113,349,27%,23,0,0,8,117,34%,,,,,,,,,,,,,
5672,1989-02-21,Federico Fernández,Argentina,190cm,83kg,22,58,1,26,0,50.97,65,1,6,0,0,0,5,1,180,119,3,418,0,5,245,2,165,335,240,167,78%,115,10,332,5%,2,,,,,,2,19,88,0,0,,,,,,,,
8055,1988-12-01,Lewis Grabban,England,183cm,71kg,6,9,0.04,13,0,13.67,24,1,2,0,0,1,14,0,2,12,6,1,0,3,1,,,,,,,,,,,,0,0,2,20,50%,,,,,,,,,,,,,
4979,1996-01-25,Adama Traoré,Spain,178cm,72kg,0,5,12,11,0,3.67,12,1,2,0,0,0,25,0,0,2,0,0,0,1,0,0,2,48,38,0,100%,4,35,14,8%,2,0,0,0,2,2%,,,,,,,,,,,,,
12946,1997-06-28,Aleix García,Spain,173cm,68kg,1,0,1,0,0,19,1,0,0,0,0,0,0,0,2,1,0,0,0,0,0,0,1,2,1,0,1%,0,0,0,0%,0,0,0,0,0,0%,,,,,,,,,,,,,
4696,1990-06-17,Joel Robles,Spain,195cm,90kg,8,1,0,15,0,25.29,31,0,2,,,,,,,,,,,,,4,184,,,,,,,,,,,,,,,0,7,44,,,88,17,292,0,120,45,20,8
15199,1998-04-19,Grady Diangana,England,,,0,0,0,0,0,0,0,0,0,0,0,0,0,0,0,0,0,0,0,0,0,0,0,0,0,0,0%,0,0,0,0%,0,0,0,0,0,0%,,,,,,,,,,,,,
4804,1985-04-05,Fernandinho,Brazil,179cm,67kg,68,177,0.1,21,0,54.11,106,8,26,2,0,9,29,2,189,313,0,150,11,22,86,0,248,643,616,135,72%,105,110,626,28%,36,0,0,5,94,29%,,,,,,,,,,,,,
4941,1988-07-10,Diego Costa,Spain,188cm,85kg,33,84,0.62,15,0,28.36,61,11,20,3,8,27,36,4,13,38,62,53,8,37,33,,,,,,,,,,,,1,0,18,166,47%,,,,,,,,,,,,,
4896,1994-09-06,Viktor Fischer,Denmark,181cm,81kg,0,0,4,2,0,12.25,4,1,0,0,0,0,2,0,0,2,1,0,1,1,0,,,,,,,,,,,,0,0,0,3,3%,,,,,,,,,,,,,
7564,1989-12-26,Sofiane Feghouli,Algeria,177cm,75kg,0,1,2,2,0,19.5,2,0,1,0,0,0,13,0,2,1,0,0,0,1,0,0,3,5,5,1,100%,0,0,4,31%,0,0,0,0,1,1%,,,,,,,,,,,,,
3242,1986-07-09,Charlie Daniels,England,175cm,75kg,13,14,3,20,0,44.7,44,5,3,0,3,0,152,0,67,89,2,88,3,5,38,1,85,210,140,36,82%,29,63,233,24%,1,,,,,,0,9,74,0,0,,,,,,,,
4093,1990-12-28,Marcos Alonso,Spain,188cm,81kg,12,31,1,11,1,36.81,27,1,7,0,1,0,72,0,64,85,1,120,2,11,52,0,52,188,144,46,79%,32,22,181,26%,3,,,,,,0,8,34,0,1,,,,,,,,
4877,1992-10-15,Mike van der Hoorn,Netherlands,190cm,81kg,0,3,0,2,0,38,2,0,1,0,0,0,0,0,8,2,0,13,0,0,5,0,9,7,9,3,100%,1,0,18,0%,0,,,,,,0,0,5,0,0,,,,,,,,
4004,1985-12-11,Adlène Guédioura,Algeria,183cm,74kg,21,71,0.03,32,0,14.62,71,4,10,0,1,1,85,0,51,72,2,38,2,29,11,0,53,211,267,46,81%,45,44,180,24%,6,0,0,0,85,19%,,,,,,,,,,,,,
3725,1991-06-13,Ryan Mason,England,175cm,68kg,25,38,0.04,16,0,38.81,57,4,14,0,0,2,41,1,63,112,1,58,4,15,30,2,154,213,172,28,72%,33,24,180,15%,9,0,0,8,65,37%,,,,,,,,,,,,,
13490,1987-03-28,Yohan Benalouane,Tunisia,180cm,74kg,3,3,0,0,0,3.5,4,0,1,0,0,0,1,0,6,0,0,4,0,0,2,0,0,3,4,3,0%,1,0,1,1%,0,,,,,,0,0,1,0,0,,,,,,,,
13813,1992-11-15,Kevin Wimmer,Austria,187cm,85kg,7,12,0,1,0,54.1,10,0,2,0,0,0,0,0,20,5,0,49,0,0,23,0,46,17,25,9,60%,8,0,43,0%,0,,,,,,0,4,6,0,1,,,,,,,,
4286,1991-09-24,Oriol Romeu,Spain,183cm,83kg,30,53,0.02,12,0,35.71,58,0,11,0,0,1,2,0,103,139,0,58,2,14,12,0,148,242,219,46,78%,45,24,279,2%,4,0,0,1,46,20%,,,,,,,,,,,,,
13791,1989-01-02,Lamine Koné,Cote D'Ivoire,186cm,83kg,4,8,2,7,0,26.33,21,1,0,0,1,1,2,0,41,34,2,184,2,1,88,0,37,115,63,69,65%,44,7,104,2%,1,,,,,,0,4,27,1,0,,,,,,,,
3154,1989-01-09,Daniel Sturridge,England,188cm,76kg,83,53,0.4,46,1,18.13,171,19,8,12,43,13,157,14,43,33,69,26,20,86,10,,,,,,,,,,,,2,0,55,472,39%,,,,,,,,,,,,,
10543,1997-06-19,Sheyi Ojo,England,177cm,64kg,3,3,8,2,0,17.5,8,3,0,0,0,0,19,0,2,9,0,1,2,3,0,1,3,32,31,2,78%,6,13,26,21%,0,0,0,0,5,20%,,,,,,,,,,,,,
19601,1989-11-07,Bernardo,Colombia,192cm,84kg,0,0,0,0,0,0,0,0,0,0,0,0,0,0,0,0,0,0,0,0,0,0,0,0,0,0,0%,0,0,0,0%,0,,,,,,0,0,0,0,0,,,,,,,,
14197,1997-09-25,Ben Hinchcliffe,England,,,0,0,0,0,0,0,0,0,0,0,0,0,0,0,0,0,0,0,0,0,0,,,,,,,,,,,,0,0,0,0,0%,,,,,,,,,,,,,
19604,1986-10-15,Nolito,Spain,175cm,65kg,5,8,0.4,0,1,37,5,1,0,0,0,2,3,0,3,7,2,1,1,3,1,,,,,,,,,,,,0,0,1,9,33%,,,,,,,,,,,,,
2359,1984-01-31,Dean Marney,England,183cm,72kg,17,83,0.04,40,1,29.46,82,9,19,0,1,0,186,1,124,159,3,67,1,27,20,1,201,268,255,27,72%,39,31,289,31%,13,0,0,0,78,19%,,,,,,,,,,,,,
13793,1991-08-02,Wahbi Khazri,Tunisia,182cm,76kg,4,20,0.11,6,0,21.67,18,1,3,0,0,2,97,2,18,28,6,8,3,12,0,0,24,72,124,6,86%,16,22,75,29%,1,0,1,1,27,26%,,,,,,,,,,,,,
6084,1989-01-30,Tomás Mejías,Spain,195cm,84kg,0,0,0,0,0,0,0,0,0,,,,,,,,,,,,,0,0,,,,,,,,,,,,,,,0,0,0,,,0,0,0,0,0,0,0,0
10336,1994-08-03,Duncan Watmore,England,175cm,72kg,7,12,0.1,15,0,8.23,30,2,1,0,1,2,31,0,3,14,10,8,3,4,4,,,,,,,,,,,,0,0,2,19,47%,,,,,,,,,,,,,
12265,1982-09-19,Eduardo,Portugal,188cm,89kg,0,0,0,0,0,0,0,0,0,,,,,,,,,,,,,0,0,,,,,,,,,,,,,,,0,0,0,,,0,0,0,0,0,0,0,0
2942,1987-10-25,Darron Gibson,Ireland,183cm,90kg,48,56,0.06,14,1,38.76,82,8,16,0,0,5,102,1,89,108,0,106,6,36,32,0,286,180,166,38,69%,31,21,352,22%,21,0,0,0,126,24%,,,,,,,,,,,,,
11002,1995-06-28,Jason Denayer,Belgium,184cm,70kg,0,1,0,2,0,21,3,0,1,0,0,0,3,0,2,8,0,6,0,0,4,0,6,13,7,5,75%,2,0,12,3%,0,,,,,,0,0,2,0,0,,,,,,,,
4605,1988-08-24,Maya Yoshida,Japan,189cm,78kg,29,49,3,28,0,39.77,83,1,5,1,0,1,29,0,167,115,0,444,0,7,155,6,264,356,194,193,73%,95,9,393,21%,8,,,,,,0,20,98,7,1,,,,,,,,
2100,1986-04-01,James Milner,England,175cm,70kg,191,335,0.11,123,2,25.29,423,73,49,1,8,28,"1,755",7,354,606,42,280,31,141,55,2,553,"1,403","1,840",234,81%,404,249,"1,246",23%,92,9,4,11,407,30%,,,,,,,,,,,,,
2991,1986-12-28,Tom Huddlestone,England,180cm,80kg,80,280,0.05,80,4,44.74,218,24,35,0,4,7,600,6,325,508,4,501,8,133,132,1,"1,299",859,788,150,70%,130,57,"1,186",32%,63,0,1,1,364,23%,,,,,,,,,,,,,
9100,1990-09-25,Sam Clucas,England,178cm,75kg,2,3,7,4,0,50.43,7,0,1,0,0,0,1,0,14,28,0,18,0,1,3,0,28,46,28,3,68%,4,8,42,1%,1,0,0,0,2,2%,,,,,,,,,,,,,
3160,1989-06-02,Craig Cathcart,Northern Ireland,188cm,73kg,22,22,2,31,0,28.73,70,0,5,1,1,0,7,0,95,108,0,490,2,3,172,3,235,262,151,117,78%,94,9,228,29%,0,,,,,,2,14,106,3,1,,,,,,,,
3925,1987-12-16,Mame Biram Diouf,Senegal,185cm,79kg,36,110,0.21,36,0,11.68,97,5,13,10,3,7,64,1,27,97,46,68,8,27,39,,,,,,,,,,,,0,0,30,132,42%,,,,,,,,,,,,,
2613,1985-06-06,Sebastian Larsson,Sweden,178cm,70kg,70,308,0.1,104,0,29.69,261,25,45,0,2,24,"1,424",8,324,529,20,298,21,72,74,0,440,898,"1,045",108,74%,189,83,"1,044",28%,47,1,11,7,260,36%,,,,,,,,,,,,,
4918,1994-05-05,Javier Manquillo,Spain,180cm,75kg,5,7,0,6,0,33.8,15,0,4,0,0,0,36,0,27,39,2,41,0,0,21,0,14,75,53,16,67%,20,6,43,11%,0,,,,,,0,2,20,0,0,,,,,,,,
19859,1993-09-23,Jonathan Calleri,Argentina,179cm,75kg,1,1,4,3,0,5.5,4,0,0,0,0,0,4,0,0,1,1,1,0,2,1,,,,,,,,,,,,0,0,1,4,4%,,,,,,,,,,,,,
3604,1987-11-22,Marouane Fellaini,Belgium,194cm,85kg,86,530,0.15,56,2,47.12,207,15,47,12,3,17,144,11,299,547,82,510,17,91,215,1,380,"1,614","1,657",739,78%,495,108,"1,291",22%,35,0,0,33,348,37%,,,,,,,,,,,,,
9167,1996-11-04,Dele Alli,England,188cm,76kg,24,63,0.3,4,0,33.38,40,9,8,1,0,11,22,3,62,81,8,33,12,31,18,0,45,243,328,39,75%,50,39,199,18%,19,0,0,8,91,36%,,,,,,,,,,,,,
8979,1987-11-01,Jamie Vardy,England,178cm,76kg,34,86,0.4,22,1,15.7,77,15,10,2,6,23,123,7,43,70,59,13,20,34,6,,,,,,,,,,,,5,0,34,175,46%,,,,,,,,,,,,,
2122,1984-07-22,Stewart Downing,England,180cm,64kg,124,106,0.09,154,0,27.95,385,58,14,2,20,8,"2,594",20,287,302,75,292,49,214,45,2,756,842,"1,006",71,76%,156,239,"1,322",25%,58,2,2,13,610,27%,,,,,,,,,,,,,
3389,1991-11-03,Jack Rodwell,England,188cm,80kg,49,116,0.07,53,1,22.87,151,4,23,4,3,3,59,2,99,179,6,186,2,58,57,2,252,402,362,128,78%,89,42,421,15%,9,0,0,12,195,27%,,,,,,,,,,,,,
3644,1990-04-27,Martin Kelly,England,191cm,77kg,34,81,0,30,0,24.82,83,3,7,0,0,0,154,1,94,233,1,306,1,4,146,2,65,380,298,98,76%,74,22,287,16%,2,,,,,,0,16,83,0,0,,,,,,,,
5384,1996-11-01,Leroy Sané,Germany,183cm,75kg,2,1,3,1,0,10.33,3,0,0,0,0,0,1,0,0,3,0,0,0,0,0,0,0,6,8,1,67%,1,2,7,1%,0,0,0,0,1,1%,,,,,,,,,,,,,
9060,1991-06-26,Andre Gray,England,178cm,83kg,1,5,0.2,3,0,13.8,5,1,0,0,1,0,2,0,1,1,7,0,0,1,0,,,,,,,,,,,,0,0,1,8,25%,,,,,,,,,,,,,
10564,1996-10-22,Mason Holgate,England,181cm,63kg,2,2,0,0,0,45,3,1,0,0,0,0,1,0,5,7,0,12,2,1,7,0,5,22,7,5,100%,3,4,15,1%,0,,,,,,0,1,2,0,0,,,,,,,,
3244,1989-11-14,Jake Livermore,England,180cm,76kg,40,123,0.04,51,1,38.84,114,6,21,0,0,4,33,5,164,220,1,102,7,26,36,0,334,371,400,58,75%,78,43,517,18%,9,0,0,0,79,27%,,,,,,,,,,,,,
3512,1991-04-29,Adam Smith,England,178cm,74kg,13,41,3,16,0,31.13,39,1,8,0,2,1,69,0,55,83,2,71,2,7,26,0,48,241,169,27,82%,35,61,169,22%,1,,,,,,0,8,46,0,0,,,,,,,,
4100,1987-04-22,David Luiz,Brazil,189cm,84kg,50,109,6,17,0,45.63,84,4,22,2,0,4,51,3,194,117,1,363,7,31,167,1,417,405,346,137,81%,93,49,469,25%,20,,,,,,1,27,65,3,1,,,,,,,,
8045,1991-04-19,Steve Cook,England,185cm,83kg,13,17,4,19,0,43.14,43,0,6,2,0,2,4,0,90,37,2,354,1,5,211,1,210,197,119,145,59%,81,6,193,4%,0,,,,,,0,9,74,0,0,,,,,,,,
4148,1983-05-13,Yaya Touré,Cote D'Ivoire,189cm,90kg,126,215,0.29,37,0,69.38,195,30,29,2,17,38,108,7,169,267,10,165,42,109,84,1,842,873,944,175,74%,213,274,"1,012",18%,158,9,4,17,413,33%,,,,,,,,,,,,,
3478,1985-02-05,David Nugent,England,180cm,76kg,22,66,0.14,49,0,15.85,97,5,4,4,3,7,92,5,39,61,31,34,2,34,13,,,,,,,,,,,,1,0,5,133,34%,,,,,,,,,,,,,
4288,1991-06-28,Kevin De Bruyne,Belgium,181cm,68kg,20,23,0.26,5,0,44.26,34,14,4,0,0,9,223,3,24,36,8,15,15,13,8,1,68,123,196,15,86%,38,45,173,28%,21,0,1,3,74,46%,,,,,,,,,,,,,
1943,1984-01-02,Darren Fletcher,Scotland,183cm,83kg,172,156,0.07,51,3,34,283,23,22,7,1,8,286,2,265,372,2,217,8,52,63,0,767,750,798,123,73%,137,83,"1,077",26%,58,0,0,3,152,28%,,,,,,,,,,,,,
19605,1991-02-24,Christian Kabasele,Belgium,186cm,84kg,0,0,0,1,0,18,1,0,0,0,0,0,0,0,1,1,0,3,0,0,1,0,3,2,1,1,100%,0,0,2,0%,0,,,,,,0,0,3,0,0,,,,,,,,
3508,1986-04-01,Younes Kaboul,France,182cm,75kg,67,141,10,71,6,35.03,176,5,19,4,3,3,184,4,388,367,5,"1,519",5,40,582,5,488,"1,049",660,482,75%,268,117,782,11%,12,,,,,,3,34,240,10,4,,,,,,,,
4145,1986-08-01,David Silva,Spain,173cm,67kg,125,162,0.18,36,0,58.18,192,58,19,1,28,5,669,13,158,260,20,69,69,130,10,0,298,764,923,59,73%,98,226,937,27%,245,0,0,37,361,31%,,,,,,,,,,,,,
4615,1989-08-11,Morgan Schneiderlin,France,181cm,75kg,54,216,0.1,35,1,54.88,125,2,25,3,2,7,92,2,344,426,5,218,6,26,76,0,481,750,620,175,76%,154,60,814,25%,17,0,0,3,101,25%,,,,,,,,,,,,,
5588,1992-12-09,Giannelli Imbula,France,186cm,78kg,5,18,0.11,9,0,50.89,18,0,4,0,2,0,10,0,7,17,0,6,0,4,3,0,22,132,102,15,100%,17,75,124,10%,4,0,0,0,24,21%,,,,,,,,,,,,,
4813,1989-05-07,Dejan Lovren,Croatia,188cm,84kg,38,74,3,28,0,50.74,86,1,15,1,0,2,8,0,179,157,1,621,1,20,350,4,363,508,269,295,73%,131,8,402,13%,2,,,,,,0,26,97,6,0,,,,,,,,
4972,1987-07-28,Pedro,Spain,167cm,62kg,14,25,0.2,10,0,29.49,35,3,4,0,5,2,93,1,25,44,6,6,6,20,3,,,,,,,,,,,,0,0,5,60,27%,,,,,,,,,,,,,
3863,1991-03-29,Fabio Borini,Italy,178cm,73kg,28,87,0.16,38,1,16.73,89,5,14,1,1,12,83,4,64,65,13,68,10,31,27,,,,,,,,,,,,4,0,10,150,36%,,,,,,,,,,,,,
4003,1987-10-17,George Friend,England,188cm,83kg,1,9,0,4,0,39.71,7,0,1,0,0,0,11,0,29,23,0,24,0,3,15,1,15,54,52,17,78%,12,8,29,11%,0,,,,,,0,0,12,0,0,,,,,,,,
3979,1990-12-11,James McCarthy,Ireland,180cm,72kg,71,263,0.06,81,1,46.69,208,11,36,0,3,9,142,4,382,560,2,344,7,60,121,2,765,"1,002",874,116,76%,138,108,"1,102",27%,23,0,0,8,159,26%,,,,,,,,,,,,,
7450,1993-02-10,Michy Batshuayi,Belgium,182cm,78kg,3,0,0.2,1,0,2.6,5,1,0,0,0,1,1,1,1,1,0,0,0,1,0,,,,,,,,,,,,0,0,2,5,40%,,,,,,,,,,,,,
4822,1992-03-27,Marc Muniesa,Spain,179cm,72kg,18,33,0,18,0,30.85,47,0,5,0,0,0,43,0,89,101,0,166,0,1,85,0,72,209,179,56,67%,63,25,174,14%,1,,,,,,0,6,53,3,0,,,,,,,,
20789,1995-04-28,Jonathan Benteke,Belgium,186cm,,1,0,1,0,0,4,1,0,0,0,0,0,0,0,0,0,0,1,0,0,1,,,,,,,,,,,,0,0,0,1,100%,,,,,,,,,,,,,
2423,1985-01-01,Steven Davis,Northern Ireland,173cm,70kg,85,134,0.05,96,0,32,255,16,18,0,2,7,468,3,200,367,18,231,24,44,71,1,487,603,766,56,79%,148,89,973,29%,58,0,0,11,140,25%,,,,,,,,,,,,,
2529,1986-05-25,James Morrison,Scotland,178cm,64kg,75,148,0.09,128,1,29.36,280,30,20,9,1,15,467,4,338,456,18,190,21,90,54,0,510,915,"1,053",86,73%,158,212,"1,097",28%,83,2,0,13,364,32%,,,,,,,,,,,,,
4701,1983-11-11,Arouna Koné,Cote D'Ivoire,182cm,78kg,26,64,0.22,29,0,22.38,79,10,3,3,2,11,41,2,24,54,34,18,9,35,7,,,,,,,,,,,,0,0,23,148,40%,,,,,,,,,,,,,
2624,1984-09-28,Alex Bruce,Northern Ireland,180cm,73kg,10,25,0,28,0,17.69,48,1,6,0,0,0,4,1,51,56,0,256,1,1,161,1,72,159,101,99,70%,62,0,115,25%,0,,,,,,0,4,46,1,1,,,,,,,,
4608,1995-12-07,Luke Shaw,England,185cm,75kg,33,65,0,25,1,36.48,86,2,8,0,0,0,289,1,117,161,2,299,5,12,139,0,97,508,397,158,84%,124,103,389,21%,6,,,,,,0,23,81,2,0,,,,,,,,
10541,1989-04-11,Enner Valencia,Ecuador,174cm,74kg,16,56,0.14,20,0,12.88,56,5,3,2,0,6,62,4,30,50,43,25,6,40,20,,,,,,,,,,,,0,1,11,114,32%,,,,,,,,,,,,,
3010,1983-08-23,James Collins,Wales,188cm,83kg,85,194,9,90,2,27.05,250,1,46,5,1,1,11,2,391,335,9,"2,312",2,36,918,4,643,"1,215",813,765,76%,444,24,687,27%,5,,,,,,2,64,267,5,7,,,,,,,,
10451,1992-10-09,Muhamed Besic,Bosnia And Herzegovina,180cm,80kg,10,35,35,13,0,34.43,35,0,9,0,0,0,17,1,33,84,0,49,2,7,22,1,107,159,145,14,76%,12,46,134,24%,3,0,0,0,22,23%,,,,,,,,,,,,,
13987,1997-12-07,Pablo Maffeo,Spain,173cm,68kg,0,0,0,0,0,0,0,0,0,0,0,0,0,0,0,0,0,0,0,0,0,0,0,0,0,0,0%,0,0,0,0%,0,,,,,,0,0,0,0,0,,,,,,,,
7114,1990-11-11,Georginio Wijnaldum,Netherlands,175cm,69kg,14,18,0.24,20,0,36.18,45,7,1,4,0,7,35,0,31,48,6,22,6,15,13,0,52,191,201,31,77%,50,54,273,23%,4,1,0,8,65,54%,,,,,,,,,,,,,
12584,1993-09-17,Sofiane Boufal,Morocco,170cm,60kg,0,0,0,0,0,0,0,0,0,0,0,0,0,0,0,0,0,0,0,0,0,0,0,0,0,0,0%,0,0,0,0%,0,0,0,0,0,0%,,,,,,,,,,,,,
10439,1996-08-10,Ola Aina,England,175cm,65kg,0,0,0,0,0,0,0,0,0,0,0,0,0,0,0,0,0,0,0,0,0,0,0,0,0,0,0%,0,0,0,0%,0,,,,,,0,0,0,0,0,,,,,,,,
12582,1989-09-26,Idrissa Gueye,Senegal,174cm,66kg,7,78,42,25,0,55.26,42,2,13,0,0,0,18,0,147,180,1,34,1,12,14,1,114,360,240,39,76%,37,81,400,28%,3,0,0,1,34,12%,,,,,,,,,,,,,
2928,1986-08-22,Stephen Ireland,Ireland,176cm,68kg,71,194,0.08,106,1,26.75,242,28,21,0,6,13,249,3,338,498,38,160,8,36,24,0,294,718,812,44,78%,126,56,669,26%,117,0,0,9,209,33%,,,,,,,,,,,,,
3137,1987-09-01,Lucas Leiva,Brazil,179cm,74kg,120,393,0,52,1,50.47,225,11,47,1,0,0,77,0,454,945,10,370,7,44,152,2,631,"1,603","1,203",399,72%,339,58,"1,254",23%,57,0,0,5,143,24%,,,,,,,,,,,,,
8242,1988-01-11,Scott Arfield,Canada,178cm,70kg,8,66,0.05,23,0,33.36,44,1,7,0,0,2,21,1,51,78,3,37,3,14,21,0,52,178,329,31,68%,73,49,288,24%,5,0,0,3,45,22%,,,,,,,,,,,,,
11961,1995-12-24,Lynden Gooch,United States,173cm,69kg,0,6,5,3,0,14.6,5,0,2,0,0,0,12,0,4,9,0,1,0,2,0,,,,,,,,,,,,0,0,0,2,2%,,,,,,,,,,,,,
4437,1979-05-12,Gareth McAuley,Northern Ireland,191cm,70kg,49,110,10,65,2,26.56,165,2,13,9,1,0,9,3,266,232,6,"1,093",4,11,565,2,340,891,460,525,73%,247,37,585,33%,1,,,,,,4,47,220,6,2,,,,,,,,
10535,1998-12-16,Reece Oxford,England,178cm,71kg,5,1,0,1,0,7.43,7,0,0,0,0,0,0,0,6,8,0,8,0,1,2,0,2,12,7,3,63%,2,0,7,0%,0,,,,,,0,0,3,0,0,,,,,,,,
8966,1984-01-21,Wes Morgan,Jamaica,185cm,93kg,36,61,5,23,1,23.46,82,2,4,3,1,1,6,0,207,115,0,496,1,11,300,2,107,416,244,247,74%,156,28,320,33%,2,,,,,,2,27,99,2,1,,,,,,,,
5566,1985-03-28,Steve Mandanda,France,185cm,82kg,3,0,0,0,0,28.6,5,0,0,,,,,,,,,,,,,0,43,,,,,,,,,,,,,,,0,0,6,,,11,3,39,0,14,4,1,3
4209,1988-03-07,Winston Reid,New Zealand,190cm,87kg,39,132,4,53,0,27.45,125,2,27,3,0,1,11,2,270,205,4,997,2,13,497,0,340,630,387,295,79%,175,6,442,18%,2,,,,,,2,27,174,5,2,,,,,,,,
2913,1987-12-06,Antonio Barragán,Spain,186cm,83kg,1,10,0,3,0,42.29,7,0,2,0,0,0,18,0,17,28,1,26,0,0,9,0,20,44,32,4,82%,8,7,36,33%,0,,,,,,0,1,10,0,0,,,,,,,,
3909,1989-09-21,Ben Mee,England,180cm,74kg,7,33,2,21,0,34.28,40,1,11,2,0,0,57,1,82,70,0,246,0,2,167,0,127,219,155,105,70%,65,17,205,12%,0,,,,,,1,10,53,0,2,,,,,,,,
4333,1993-11-01,Michael Keane,England,,,7,8,1,13,0,29.72,29,1,2,1,0,0,1,1,54,27,0,227,0,4,159,0,76,131,64,94,78%,42,4,98,1%,1,,,,,,0,4,36,1,1,,,,,,,,
13554,1996-03-10,Kelechi Iheanacho,Nigeria,187cm,77kg,16,20,0.32,8,0,13.35,31,4,1,1,7,1,10,0,3,17,5,8,5,12,3,,,,,,,,,,,,0,0,3,37,41%,,,,,,,,,,,,,
3861,1988-01-08,Nemanja Matic,Serbia,194cm,84kg,53,122,0.03,16,2,56.08,95,11,19,0,3,0,58,2,180,286,11,233,6,29,157,0,306,634,539,174,75%,138,121,717,17%,10,0,0,6,81,26%,,,,,,,,,,,,,
5179,1996-01-23,Ruben Loftus-Cheek,England,191cm,83kg,4,7,0.06,4,0,21.69,16,0,0,0,0,1,1,0,9,14,1,7,0,6,5,0,10,49,46,8,71%,9,12,38,1%,2,0,0,0,13,23%,,,,,,,,,,,,,
12937,1994-12-04,Eric Bailly,Cote D'Ivoire,187cm,77kg,3,9,0,2,0,39.29,7,0,1,0,0,0,0,1,23,17,0,41,0,1,17,0,25,29,17,6,76%,5,3,43,0%,0,,,,,,0,2,7,0,0,,,,,,,,
14458,1998-05-31,Stephy Mavididi,England,182cm,,0,0,0,0,0,0,0,0,0,0,0,0,0,0,0,0,0,0,0,0,0,,,,,,,,,,,,0,0,0,0,0%,,,,,,,,,,,,,
8980,1992-12-23,Jeffrey Schlupp,Ghana,178cm,72kg,23,43,0.07,16,0,21.14,56,4,8,0,3,1,121,0,91,126,1,82,4,21,42,,,,,,,,,,,,0,0,3,66,21%,,,,,,,,,,,,,
13814,1997-12-31,Cameron Carter-Vickers,United States,185cm,86kg,0,0,0,0,0,0,0,0,0,0,0,0,0,0,0,0,0,0,0,0,0,0,0,0,0,0,0%,0,0,0,0%,0,,,,,,0,0,0,0,0,,,,,,,,
5577,1990-12-23,Brice Dja Djédjé,Cote D'Ivoire,170cm,71kg,0,0,0,0,0,0,0,0,0,0,0,0,0,0,0,0,0,0,0,0,0,0,0,0,0,0,0%,0,0,0,0%,0,,,,,,0,0,0,0,0,,,,,,,,
13563,1995-04-08,James Weir,England,177cm,71kg,1,0,1,0,0,1,1,0,0,0,0,0,0,0,0,0,0,0,0,0,0,0,0,0,0,0,0%,0,0,0,0%,0,0,0,0,0,0%,,,,,,,,,,,,,
20048,1995-04-08,Josh Maja,England,,,0,0,0,0,0,0,0,0,0,0,0,0,0,0,0,0,0,0,0,0,0,,,,,,,,,,,,0,0,0,0,0%,,,,,,,,,,,,,
3183,1987-11-20,Ben Hamer,England,193cm,78kg,3,0,0,4,0,33.88,8,0,0,,,,,,,,,,,,,1,90,,,,,,,,,,,,,,,0,3,8,,,21,8,69,0,20,7,9,3
13716,1989-09-25,Cuco Martina,Curacao,185cm,77kg,11,15,1,3,0,25.61,18,1,1,0,0,1,41,0,24,38,2,37,2,1,6,1,42,57,43,7,74%,11,1,73,29%,1,,,,,,0,1,15,0,1,,,,,,,,
2508,1986-05-11,Kasper Schmeichel,Denmark,189cm,84kg,36,0,0,18,0,29.27,75,0,2,,,,,,,,,,,,,2,681,,,,,,,,,,,,,,,0,27,85,,,224,47,632,1,199,79,79,51
3362,1990-08-29,Patrick van Aanholt,Netherlands,177cm,74kg,16,43,6,33,0,31.99,72,8,6,0,6,0,138,4,152,182,7,209,10,16,67,2,100,332,271,28,77%,42,90,440,21%,3,,,,,,1,13,113,2,2,,,,,,,,
3851,1989-07-29,Jay Rodriguez,England,185cm,80kg,27,72,0.27,28,0,17.35,83,8,7,3,5,14,82,6,56,88,49,48,9,51,27,,,,,,,,,,,,0,0,16,210,34%,,,,,,,,,,,,,
10459,1994-08-06,Brian Lenihan,Ireland,187cm,78kg,0,0,0,0,0,0,0,0,0,0,0,0,0,0,0,0,0,0,0,0,0,0,0,0,0,0,0%,0,0,0,0%,0,,,,,,0,0,0,0,0,,,,,,,,
4785,1982-01-31,Allan McGregor,Scotland,183cm,74kg,12,3,0,27,2,20.92,52,0,0,,,,,,,,,,,,,2,353,,,,,,,,,,,,,,,0,12,70,,,133,29,433,3,127,35,28,18
9947,1988-06-29,Troy Deeney,England,180cm,76kg,14,64,0.36,20,0,32.24,45,8,9,3,0,13,30,1,19,55,18,60,12,36,43,,,,,,,,,,,,7,0,4,106,36%,,,,,,,,,,,,,
4402,1989-07-02,Neil Taylor,Wales,175cm,65kg,42,101,0,47,0,39.07,121,5,18,0,0,0,220,0,196,229,3,303,5,13,116,0,191,426,386,78,76%,122,42,505,21%,5,,,,,,1,35,140,0,1,,,,,,,,
1526,1982-07-10,Jermain Defoe,England,171cm,65kg,173,207,0.34,152,2,7.62,438,30,38,1,18,81,190,18,80,165,273,28,9,205,1,,,,,,,,,,,,10,0,48,765,39%,,,,,,,,,,,,,
3732,1992-06-17,Ryan Allsop,England,186cm,87kg,0,0,0,0,0,8,1,0,0,,,,,,,,,,,,,0,1,,,,,,,,,,,,,,,0,0,1,,,0,0,2,0,2,1,0,0
4714,1988-10-15,Mesut Özil,Germany,183cm,76kg,53,39,0.19,14,0,63.97,89,33,4,2,12,3,451,6,43,89,37,18,40,32,6,2,122,351,412,14,75%,41,151,381,38%,82,0,1,17,115,47%,,,,,,,,,,,,,
8900,1993-03-13,Tyrone Mings,England,191cm,77kg,0,0,0,0,0,3,1,0,0,0,0,0,0,0,2,0,0,0,0,0,0,0,0,0,1,0,0%,0,0,0,0%,0,,,,,,0,0,0,0,0,,,,,,,,
1870,1983-01-27,Lee Grant,England,193cm,83kg,0,0,0,0,0,28.5,2,0,0,,,,,,,,,,,,,0,19,,,,,,,,,,,,,,,0,0,2,,,10,0,22,0,6,2,4,1
4823,1989-04-19,Marko Arnautovic,Austria,192cm,83kg,33,125,0.17,39,0,28.1,100,18,10,0,2,14,304,9,79,146,58,26,24,55,9,,,,,,,,,,,,4,1,16,200,25%,,,,,,,,,,,,,
3714,1989-05-29,David Meyler,Ireland,189cm,81kg,25,98,0.04,40,2,30,90,2,22,0,2,2,66,1,109,178,5,107,2,13,51,0,140,407,383,88,75%,114,24,386,18%,7,0,0,1,40,23%,,,,,,,,,,,,,
15111,1998-02-10,Alfie Whiteman,England,189cm,,0,0,0,0,0,0,0,0,0,,,,,,,,,,,,,0,0,,,,,,,,,,,,,,,0,0,0,,,0,0,0,0,0,0,0,0
10458,1994-11-03,Andrew Robertson,Scotland,178cm,64kg,5,16,0,15,0,30.87,31,2,8,0,0,0,96,1,52,72,1,67,1,2,28,1,64,120,96,9,71%,9,28,147,16%,0,,,,,,0,2,41,1,1,,,,,,,,
4319,1987-01-02,Costel Pantilimon,Romania,203cm,96kg,14,2,0,22,0,28.48,52,0,6,,,,,,,,,,,,,4,480,,,,,,,,,,,,,,,1,17,73,,,197,22,496,0,198,95,52,28
15938,1995-02-13,Georges-Kévin Nkoudou,France,172cm,68kg,2,2,2,0,0,2.5,2,0,0,0,0,0,0,0,0,0,0,0,0,0,0,0,1,2,4,0,0%,0,2,1,0%,0,0,0,0,1,1%,,,,,,,,,,,,,
4546,1985-07-28,Mathieu Debuchy,France,177cm,76kg,22,87,2,22,2,34.76,55,3,12,1,0,1,190,2,111,174,14,277,5,9,140,1,62,464,288,218,73%,101,28,242,14%,8,,,,,,1,9,77,6,2,,,,,,,,
5267,1991-10-10,Xherdan Shaqiri,Switzerland,169cm,72kg,10,28,0.13,12,0,23.67,30,6,3,0,3,1,194,0,13,21,8,3,10,9,2,0,23,94,152,3,57%,15,40,131,22%,15,0,1,3,48,25%,,,,,,,,,,,,,
3102,1987-04-22,John Obi Mikel,Nigeria,188cm,83kg,149,328,0,41,2,49.21,249,10,38,0,0,1,53,3,374,539,2,396,6,36,131,2,839,"1,145","1,051",227,78%,276,136,"1,447",23%,50,0,0,1,120,18%,,,,,,,,,,,,,
8143,1992-11-19,James Tarkowski,England,185cm,81kg,0,1,0,1,0,14,1,0,1,0,0,0,1,0,0,0,0,0,0,0,0,0,3,2,2,2,0%,0,0,2,1%,0,,,,,,0,0,1,0,0,,,,,,,,
13121,1998-05-02,Ben Sheaf,England,185cm,64kg,0,0,0,0,0,0,0,0,0,0,0,0,0,0,0,0,0,0,0,0,0,0,0,0,0,0,0%,0,0,0,0%,0,0,0,0,0,0%,,,,,,,,,,,,,
9960,1994-01-19,Alfie Mawson,England,190cm,81kg,0,0,0,0,0,0,0,0,0,0,0,0,0,0,0,0,0,0,0,0,0,0,0,0,0,0,0%,0,0,0,0%,0,,,,,,0,0,0,0,0,,,,,,,,
13492,1991-03-29,N'Golo Kanté,France,169cm,68kg,27,55,0.02,5,0,43.2,44,4,4,0,0,1,17,0,170,196,0,65,4,5,32,0,94,313,252,43,70%,66,55,393,29%,7,0,0,1,31,19%,,,,,,,,,,,,,
7081,1988-10-09,Lucas Pérez,Spain,180cm,73kg,2,0,2,0,0,14.5,2,0,0,0,0,0,1,0,1,1,0,0,0,1,0,,,,,,,,,,,,0,0,0,1,1%,,,,,,,,,,,,,
4501,1991-09-09,Oscar,Brazil,179cm,67kg,73,124,0.16,22,0,40.41,128,19,16,2,2,17,296,5,69,284,13,107,19,84,36,0,242,594,730,79,76%,141,107,494,20%,18,2,2,18,267,32%,,,,,,,,,,,,,
19673,1997-06-27,Ramadan Sobhi,Egypt,183cm,75kg,0,0,2,2,0,5,2,0,0,0,0,0,0,0,0,0,0,0,0,0,0,0,0,1,0,0,0%,0,1,0,0%,0,0,0,0,0,0%,,,,,,,,,,,,,
4112,1994-01-15,Eric Dier,England,188cm,88kg,36,76,0.07,15,0,49.8,71,4,15,3,1,1,71,0,133,138,2,194,6,18,123,3,203,359,298,159,80%,113,31,271,20%,6,0,0,2,48,19%,,,,,,,,,,,,,
13866,1999-04-24,Jonathan Leko,England,182cm,75kg,0,7,9,4,0,5.67,9,2,0,0,0,0,7,0,5,9,1,3,1,0,0,0,0,28,38,0,100%,3,12,24,29%,0,0,0,0,0,0%,,,,,,,,,,,,,
7120,1994-02-13,Memphis Depay,Netherlands,176cm,78kg,15,21,0.06,9,0,20.34,32,0,3,0,1,1,92,2,10,14,9,9,1,18,5,,,,,,,,,,,,0,0,5,57,30%,,,,,,,,,,,,,
4810,1990-05-01,Leroy Fer,Netherlands,188cm,79kg,20,110,0.17,42,1,38.32,76,5,13,3,5,5,24,5,90,168,1,76,5,27,47,0,203,561,503,172,76%,130,109,419,33%,14,0,0,11,112,35%,,,,,,,,,,,,,
4330,1990-07-11,David de Gea,Spain,192cm,76kg,100,0,0,37,0,20.82,172,0,1,,,,,,,,,,,,,6,"1,010",,,,,,,,,,,,,,,1,63,174,,,477,79,"1,365",2,665,133,61,63